player,pos.x,age.x,type,o_tm,n_tm,terms,notes,year,deal_lgl,deal_list,deal_yrs,deal_amt,adj_deal_amt_2022,avg_yearly_amt_adj_2022,prev_year,pos.y,age.y,tm,g,mp,per,ts_percent,x3p_ar,f_tr,orb_percent,drb_percent,trb_percent,ast_percent,stl_percent,blk_percent,tov_percent,usg_percent,ows,dws,ws,ws_48,obpm,dbpm,bpm,vorp,mpg,current_age,current_pos,min_year,year_in_league
John Collins,F,23-322,RFA,ATL,ATL,Signed 5-yr/$125M contract,,2021,,,5,125,132.32337609194585,26.464675218389168,2020,PF,23,ATL,63,1848,20.6,0.645,0.27,.265,7.1,20.3,13.8,6.9,0.9,3,8.9,22.2,4.8,1.9,6.7,0.174,2.5,-0.4,2.1,1.9,29.333333333333332,23,PF,2018,3
Jarrett Allen,C-F,23-112,RFA,CLE,CLE,Signed 5-yr/$100M contract,,2021,,,5,100,105.85870087355667,21.171740174711335,2020,C,22,TOT,63,1864,20.1,0.661,0.039,.602,11.6,26.3,18.9,8.7,0.8,4.3,14.1,16.6,4.3,2.1,6.4,0.166,1.4,-0.4,0.9,1.4,29.58730158730159,22,C,2018,3
Richaun Holmes,F-C,27-300,UFA,SAC,SAC,Signed 4-yr/$46.5M contract,,2021,,,4,46.5,49.22429590620385,12.306073976550962,2020,C,27,SAC,61,1782,20.2,0.669,0.019,.296,8.8,22.7,15.7,8.3,1.1,4.6,10.3,17.5,4.7,1.4,6.1,0.165,0.6,-0.3,0.3,1,29.21311475409836,27,C,2016,5
Nerlens Noel,C-F,27-123,UFA,NYK,NYK,Signed 3-yr/$27.7M contract,,2021,,,3,27.7,29.322860141975195,9.774286713991732,2020,C,26,NYK,64,1547,14.8,0.638,0.013,.314,10.1,18.4,14.3,4.1,2.3,8.7,20.4,9.2,1.6,3.6,5.2,0.162,-2.5,3.5,1,1.2,24.171875,26,C,2015,6
Kelly Olynyk,C-F,30-114,UFA,HOU,DET,Signed 3-yr/$37M contract,,2021,,,3,37,39.16771932321597,13.05590644107199,2020,C-PF,29,TOT,70,1997,16.4,0.61,0.528,.251,4.8,22.5,13.6,16,1.9,2.1,14,19.7,2.5,2.6,5.1,0.121,0.2,0.9,1.1,1.6,28.52857142857143,29,C-PF,2014,7
T.J. McConnell,G,29-139,UFA,IND,IND,Signed 4-yr/$33.6M contract,,2021,,,4,33.6,35.568523493515045,8.892130873378761,2020,PG,28,IND,69,1796,16.9,0.583,0.098,.098,3.3,12.1,7.7,34.3,3.4,1,20.9,15.3,2.6,2.2,4.8,0.128,-0.1,1.6,1.5,1.6,26.028985507246375,28,PG,2016,5
Bobby Portis,F,26-182,UFA,MIL,MIL,Signed 2-yr/$9M contract,,2021,,,2,9,9.5272830786201,4.76364153931005,2020,C,25,MIL,66,1372,19.9,0.598,0.263,.122,9.9,25.3,17.9,7.4,1.8,1.7,8.2,20.9,2.8,2,4.8,0.167,2,-0.6,1.4,1.2,20.78787878787879,25,C,2016,5
Norman Powell,G,28-078,UFA,POR,POR,Signed 5-yr/$90M contract,,2021,,,5,90,95.272830786201,19.0545661572402,2020,SG-SF,27,TOT,69,2205,16.2,0.618,0.453,.295,2,8.8,5.3,9.2,1.8,0.8,10.3,22.6,3.4,1.3,4.7,0.103,0.8,-0.7,0.1,1.2,31.956521739130434,27,SG-SF,2016,5
Reggie Bullock,G-F,30-148,UFA,NYK,DAL,Signed 3-yr/$30M contract,,2021,,,3,30,31.757610262067,10.585870087355667,2020,SF,29,NYK,65,1949,11.1,0.606,0.709,.098,0.9,11.4,6.2,7.4,1.3,0.5,7.1,14.4,2.3,2.3,4.6,0.114,-0.8,0.6,-0.1,0.9,29.984615384615385,29,SF,2014,7
Bruce Brown,G,24-361,RFA,BRK,BRK,Signed 1-yr/$4.7M contract,,2021,,,1,4.7,4.975358941057164,4.975358941057164,2020,PG,24,BRK,65,1451,16.1,0.604,0.139,.277,8.9,17.2,13.3,9.8,1.9,1.7,10.2,15.9,2.8,1.5,4.4,0.144,-0.4,0.1,-0.3,0.6,22.323076923076922,24,PG,2019,2
Daniel Theis,C,29-129,UFA,CHI,HOU,Signed 4-yr/$36M contract as part of sign and trade with Houston,,2021,,,4,36,38.1091323144804,9.5272830786201,2020,C,28,TOT,65,1601,15,0.609,0.326,.236,6.5,18.3,12.4,9.5,1.2,3.3,11.4,15.6,2.4,1.8,4.3,0.128,-0.6,0.5,-0.2,0.7,24.630769230769232,28,C,2018,3
Khem Birch,C-F,28-317,UFA,TOR,TOR,Signed 3-yr/$20M contract,,2021,,,3,20,21.17174017471133,7.057246724903777,2020,C,28,TOT,67,1529,15.1,0.552,0.137,.339,11.6,15.3,13.4,8.5,1.5,3.1,9.2,13.6,2.3,1.4,3.8,0.118,-1,-0.3,-1.3,0.3,22.82089552238806,28,C,2018,3
Doug McDermott,F,29-220,UFA,IND,SAS,Signed 3-yr/$41M contract as part of sign and trade from Indiana to San Antonio,,2021,,,3,41,43.402067358158234,14.467355786052744,2020,PF,29,IND,66,1619,15.6,0.635,0.43,.147,4,10.7,7.4,7.8,0.6,0.3,7,20,3.1,0.7,3.8,0.112,1.5,-2.1,-0.5,0.6,24.53030303030303,29,PF,2015,6
Duncan Robinson,G-F,27-111,RFA,MIA,MIA,Signed 5-yr/$90M contract,,2021,,,5,90,95.272830786201,19.0545661572402,2020,SF,26,MIA,72,2262,11,0.628,0.855,.105,0.4,12.1,6.3,8.3,0.9,0.9,9.7,16.6,1.9,1.8,3.7,0.079,-0.2,-0.9,-1.1,0.5,31.416666666666668,26,SF,2019,2
Cameron Payne,G,27-003,UFA,PHO,PHO,Signed 3-yr/$19M contract,,2021,,,3,19,20.113153165975767,6.704384388658589,2020,PG,26,PHO,60,1079,17.4,0.602,0.42,.142,1.7,13.2,7.6,28.1,1.6,1.3,12.5,19.8,2.4,1.2,3.6,0.158,1.7,0.9,2.6,1.3,17.983333333333334,26,PG,2016,5
Devonte' Graham,G,26-170,RFA,CHO,NOP,Signed 4-yr/$47M contract as sign and trade from CHO to NOP,,2021,,,4,47,49.753589410571635,12.438397352642909,2020,PG,25,CHO,55,1659,14.6,0.552,0.713,.236,1.4,8.4,4.8,26.3,1.4,0.4,10.2,21.4,2.5,0.9,3.4,0.099,1.6,-1.1,0.5,1,30.163636363636364,25,PG,2019,2
Cody Zeller,C-F,28-310,UFA,CHO,POR,Signed 1-yr/$2.4M minimum contract,,2021,,,1,2.4,2.54060882096536,2.54060882096536,2020,C,28,CHO,48,1005,18.2,0.599,0.086,.367,12.6,22.9,17.7,13.2,1.3,1.7,11.9,18.3,2.1,1.1,3.3,0.156,-0.2,-0.1,-0.3,0.4,20.9375,28,C,2014,7
Lonzo Ball,G,23-288,RFA,NOP,CHI,Signed 4-yr/$85M contract as part of a sign and trade from New Orleans to Chicago,,2021,,,4,85,89.97989574252317,22.494973935630792,2020,PG,23,NOP,55,1747,15.2,0.551,0.65,.091,2.1,14.3,8.2,25.4,2.3,1.7,14.5,20.5,1.5,1.7,3.2,0.089,1.4,0.2,1.6,1.6,31.763636363636362,23,PG,2018,3
Kendrick Nunn,G,26-008,UFA,MIA,LAL,Signed 2-yr/$10.3M contract,,2021,,,2,10.3,10.903446189976338,5.451723094988169,2020,PG,25,MIA,56,1650,14.2,0.596,0.486,.091,1.5,10.8,6.2,14.5,1.6,0.9,10.5,20.9,1.4,1.5,2.9,0.084,-0.4,-0.3,-0.6,0.6,29.464285714285715,25,PG,2020,1
Raul Neto,G,29-084,UFA,WAS,WAS,Signed 1-yr/$2M minimum contract,,2021,,,1,2,2.1171740174711333,2.1171740174711333,2020,PG,28,WAS,64,1403,13,0.575,0.367,.190,2.1,9.6,5.9,14,2.4,0.4,9.9,15.8,1.5,1.3,2.8,0.097,-1.5,0.6,-0.8,0.4,21.921875,28,PG,2016,5
Georges Niang,F,28-055,UFA,UTA,PHI,Signed 2-yr/$6.8M contract,,2021,,,2,6.8,7.198391659401853,3.5991958297009266,2020,PF,27,UTA,72,1154,11.4,0.602,0.721,.057,2.7,13,8.1,7.3,1.1,0.6,10.9,17.4,1.2,1.4,2.6,0.108,-0.5,0.1,-0.4,0.5,16.02777777777778,27,PF,2017,4
Alex Caruso,G,27-164,UFA,LAL,CHI,Signed 4-yr/$37M contract,,2021,,,4,37,39.16771932321597,9.791929830803992,2020,PG,26,LAL,58,1216,11.1,0.547,0.449,.249,2.9,12.8,7.9,18.1,2.6,1.1,18.3,14.8,0.3,2.1,2.4,0.095,-2.5,2.3,-0.2,0.6,20.96551724137931,26,PG,2018,3
Talen Horton-Tucker,G-F,20-259,RFA,LAL,LAL,Signed 3-yr/$30.8M contract,,2021,,,3,30.8,32.60447986905545,10.868159956351818,2020,SG,20,LAL,65,1304,12.9,0.536,0.268,.264,2.2,12.3,7.3,20.8,2.4,1.4,16.1,21.7,-0.1,2.2,2.1,0.078,-2.5,1.3,-1.2,0.3,20.06153846153846,20,SG,2020,1
Frank Kaminsky,F-C,28-129,UFA,PHO,PHO,Signed 1-yr/$2M contract,,2021,,,1,2,2.1171740174711333,2.1171740174711333,2020,C,27,PHO,47,715,15.8,0.547,0.331,.233,5.8,23.7,14.9,15.3,1,2.1,7.2,19,1.1,0.9,2,0.133,0.3,0.8,1.1,0.6,15.212765957446809,27,C,2016,5
Furkan Korkmaz,G,24-018,UFA,PHI,PHI,Signed 3-yr/$15M contract,,2021,,,3,15,15.8788051310335,5.292935043677834,2020,SG,23,PHI,55,1062,12.8,0.544,0.634,.193,1.8,9.8,5.9,11.1,2.2,0.8,9.1,20.5,0.6,1.5,2,0.092,-0.3,0.1,-0.3,0.5,19.30909090909091,23,SG,2018,3
Sterling Brown,G,26-182,UFA,HOU,DAL,Signed 2-yr/$6M contract,,2021,,,2,6,6.3515220524134,3.1757610262067,2020,SG,25,HOU,51,1229,11.1,0.597,0.642,.093,3.2,16.8,9.7,8.4,1.5,0.9,10.5,13.5,1,0.8,1.8,0.071,-1.7,0,-1.7,0.1,24.098039215686274,25,SG,2018,3
Saben Lee,G,22-049,RFA,DET,DET,Signed 3-yr/$5M contract,,2021,,,3,5,5.292935043677833,1.7643116812259443,2020,PG,21,DET,48,781,13.8,0.536,0.11,.424,2.8,11.1,6.9,33.2,2,1.5,18.1,17,0.7,0.8,1.5,0.091,-2.2,0.3,-1.9,0,16.270833333333332,21,PG,2021,0
Solomon Hill,F,30-146,UFA,ATL,ATL,Signed 1-yr/$2.2M minimum contract,,2021,,,1,2.2,2.328891419218247,2.328891419218247,2020,PF,29,ATL,71,1513,6.7,0.498,0.711,.154,3.1,12.2,7.7,6.4,1.6,0.6,11.7,10.4,0.1,1.2,1.3,0.04,-3,0.2,-2.8,-0.3,21.309859154929576,29,PF,2014,7
Otto Porter,F,28-069,UFA,ORL,GSW,Signed 1-yr/$2.4M minimum contract,,2021,,,1,2.4,2.54060882096536,2.54060882096536,2020,SF-PF,27,TOT,28,606,14.5,0.552,0.458,.185,5.2,22.4,13.8,12.9,1.3,0.6,9.2,19.3,0.6,0.7,1.3,0.101,0,-0.5,-0.6,0.2,21.642857142857142,27,SF-PF,2014,7
DeAndre' Bembry,F,27-038,UFA,TOR,BRK,Signed 1-yr/$1.9M minimum contract,,2021,,,1,1.9,2.0113153165975763,2.0113153165975763,2020,SF,26,TOR,51,972,11.2,0.57,0.232,.289,3.6,13.3,8.3,15.6,2.6,1.9,21.6,14.6,0.1,1.1,1.2,0.059,-3.2,1.2,-2.1,0,19.058823529411764,26,SF,2017,4
Frank Jackson,G,23-099,RFA,DET,DET,Signed 2-yr/$6M contract,,2021,,,2,6,6.3515220524134,3.1757610262067,2020,PG,22,DET,40,738,13.3,0.598,0.512,.256,2.2,10.8,6.5,7.9,1,0.1,9.4,21.3,0.7,0.4,1.2,0.076,-0.4,-1.6,-2.1,0,18.45,22,PG,2019,2
Semi Ojeleye,F,26-249,UFA,BOS,MIL,Signed 1-yr/$1.8M minimum contract,,2021,,,1,1.8,1.90545661572402,1.90545661572402,2020,PF,26,BOS,56,950,8.3,0.553,0.715,.145,3.6,13.7,8.6,5.1,0.9,0,8.2,11.6,0.7,0.6,1.2,0.063,-1.5,-1.2,-2.7,-0.2,16.964285714285715,26,PF,2018,3
Dewayne Dedmon,C,31-364,UFA,MIA,MIA,Signed 1-yr/$2.4M minimum contract,,2021,,,1,2.4,2.54060882096536,2.54060882096536,2020,C,31,MIA,16,210,24.5,0.735,0.077,.415,15.5,31,23.4,9.6,2.1,3,14.5,19.3,0.7,0.4,1.1,0.256,1.2,0.7,1.9,0.2,13.125,31,C,2014,7
Boban Marjanović,C,32-361,UFA,DAL,DAL,Signed 2-yr/$7M contract,,2021,,,2,7,7.410109061148967,3.7050545305744835,2020,C,32,DAL,33,271,22.6,0.562,0.066,.311,19.3,32.7,26,5.9,0.4,2.1,8,24.6,0.7,0.3,1,0.183,1.6,-2.7,-1.1,0.1,8.212121212121213,32,C,2016,5
Malik Monk,G,23-188,UFA,CHO,LAL,Signed 1-yr/$1.8M minimum contract,,2021,,,1,1.8,1.90545661572402,1.90545661572402,2020,SG,22,CHO,42,878,13.6,0.569,0.531,.180,1.7,10.9,6.2,15.7,1.1,0.5,11.3,23.8,0.5,0.5,1,0.054,0.3,-2.3,-1.9,0,20.904761904761905,22,SG,2018,3
Elfrid Payton,G,27-170,UFA,NYK,PHO,Signed 1-yr/$2.4M minimum contract,,2021,,,1,2.4,2.54060882096536,2.54060882096536,2020,PG,26,NYK,63,1484,11.7,0.478,0.158,.172,4.7,11,7.9,21.6,1.6,0.6,13.3,23.2,-0.9,1.9,1,0.032,-2.8,-0.6,-3.4,-0.5,23.555555555555557,26,PG,2015,6
Nemanja Bjelica,F,33-094,UFA,MIA,GSW,Signed 1-yr/$2M minimum contract,,2021,,,1,2,2.1171740174711333,2.1171740174711333,2020,PF,32,TOT,37,595,12.9,0.554,0.434,.260,5.4,18.5,11.9,16.2,1.2,0.8,13.1,18.4,0.5,0.3,0.9,0.071,-1.4,-1.1,-2.5,-0.1,16.08108108108108,32,PF,2016,5
Max Strus,G,25-136,RFA,MIA,MIA,Signed 2-yr/$3.4M contract,,2021,,,2,3.4,3.5991958297009266,1.7995979148504633,2020,SF,24,MIA,39,507,12.1,0.597,0.791,.128,1.1,8,4.6,7.3,1.1,0.4,3.9,18.3,0.6,0.3,0.9,0.088,-0.4,-1.8,-2.2,0,13,24,SF,2020,1
Hassan Whiteside,C,32-059,UFA,SAC,UTA,Signed 1-yr/$2.4M minimum contract,,2021,,,1,2.4,2.54060882096536,2.54060882096536,2020,C,31,SAC,36,546,19.2,0.566,0.004,.353,12.2,31.8,21.9,5.6,0.8,7.1,13.4,23.5,0.3,0.6,0.9,0.081,-1.8,-0.6,-2.5,-0.1,15.166666666666666,31,C,2015,6
Terence Davis,G,24-087,RFA,SAC,SAC,Signed 2-yr/$8M contract,,2021,,,2,8,8.468696069884533,4.234348034942267,2020,SG,23,TOT,61,1074,12.7,0.555,0.586,.121,2,14.1,7.9,11.4,2,1.2,11.6,21.8,0.1,0.8,0.8,0.038,-1,-1,-2,0,17.60655737704918,23,SG,2020,1
Abdel Nader,F,27-320,UFA,PHO,PHO,Signed 2-yr/$4M contract,,2021,,,2,4,4.234348034942267,2.1171740174711333,2020,SF,27,PHO,24,355,13.4,0.605,0.371,.319,2.3,17.3,9.9,7.3,1.4,2.3,12.6,19,0.3,0.4,0.7,0.095,-1.2,0.8,-0.4,0.2,14.791666666666666,27,SF,2018,3
Trey Lyles,F,25-279,UFA,SAS,DET,Signed 2-yr/$5M contract,,2021,,,2,5,5.292935043677833,2.6464675218389164,2020,PF,25,SAS,23,358,11.4,0.574,0.444,.256,2.6,23.3,12.8,5.3,0.8,0.2,5.7,12.9,0.3,0.3,0.6,0.085,-1.2,-0.7,-1.9,0,15.565217391304348,25,PF,2016,5
Jarrell Brantley,F,25-065,RFA,UTA,UTA,Signed 1-yr/$1.7M contract,,2021,,,1,1.7,1.7995979148504633,1.7995979148504633,2020,PF,24,UTA,28,138,16.6,0.605,0.538,.038,7.2,13.3,10.4,16.1,2.5,1.2,13.1,19,0.3,0.2,0.5,0.172,0.5,1.6,2.1,0.1,4.928571428571429,24,PF,2020,1
Victor Oladipo,G,29-099,UFA,MIA,MIA,Signed 1-yr/$2.4M minimum contract,,2021,,,1,2.4,2.54060882096536,2.54060882096536,2020,SG,28,TOT,33,1080,14.3,0.512,0.415,.240,1.2,15.1,8,22.8,2,1.2,11.5,28.5,-0.6,1,0.4,0.017,-0.6,-0.9,-1.5,0.1,32.72727272727273,28,SG,2014,7
Ben McLemore,G,28-181,UFA,LAL,POR,Signed 1-yr/$2.4M minimum contract,,2021,,,1,2.4,2.54060882096536,2.54060882096536,2020,SG,27,TOT,53,905,8.5,0.523,0.767,.145,1.7,10.5,6,6.4,1.2,0.9,9.8,20.4,-0.5,0.7,0.2,0.013,-2.7,-1.3,-4,-0.5,17.07547169811321,27,SG,2014,7
Gabe Vincent,G,25-058,RFA,MIA,MIA,Signed 2-yr/$3.5M contract,,2021,,,2,3.5,3.7050545305744835,1.8525272652872418,2020,PG,24,MIA,50,655,7.6,0.498,0.639,.099,1.8,7.9,4.9,15.1,1.6,0.3,12.3,19.1,-0.4,0.5,0.2,0.011,-4.6,-1.1,-5.7,-0.6,13.1,24,PG,2020,1
Spencer Dinwiddie,G,28-127,UFA,BRK,WAS,Signed 3-yr/$54M contract as part of a sign and trade,,2021,,,3,54,57.1636984717206,19.0545661572402,2020,SG,27,BRK,3,64,10.1,0.536,0.438,.375,0,21.3,11.2,17.6,1.5,1.4,21.2,16.1,0,0.1,0.1,0.045,-3.4,2,-1.4,0,21.333333333333332,27,SG,2015,6
Rodney Hood,G-F,28-295,UFA,TOR,MIL,Signed 1-yr/$2M minimum contract,,2021,,,1,2,2.1171740174711333,2.1171740174711333,2020,SF,28,TOT,55,942,5.6,0.452,0.435,.108,2.6,9.4,5.9,7.5,1.2,0.7,11.7,14.1,-0.7,0.3,-0.4,-0.019,-5.3,-1.8,-7.1,-1.2,17.12727272727273,28,SF,2015,6
Justise Winslow,F,25-138,UFA,MEM,LAC,Signed 2-yr/$8M contract,,2021,,,2,8,8.468696069884533,4.234348034942267,2020,SF,24,MEM,26,507,6.2,0.395,0.257,.167,3.7,21.1,12.3,13.3,1.4,2.1,14.1,21.9,-1.3,0.6,-0.7,-0.066,-6.2,0.1,-6.1,-0.5,19.5,24,SF,2016,5
Hassan Whiteside,C,32-059,UFA,POR,SAC,Signed 1-yr $2.3M contract,,2020,,,1,2.3,2.507788161993769,2.507788161993769,2019,C,30,POR,67,2008,25,0.644,0.01,.340,13.6,33.3,23.6,5.9,0.6,8.4,12.9,19.6,5.6,3,8.5,0.204,2.5,0.7,3.2,2.6,29.970149253731343,31,C,2015,5
Montrezl Harrell,F-C,27-197,UFA,LAC,LAL,Signed 2-yr $19M contract,,2020,,,2,19,20.71651090342679,10.358255451713395,2019,C,26,LAC,63,1749,23.2,0.607,0.022,.432,9.9,16.3,13.2,10.3,1.1,3.6,10.1,25.7,4.4,2.5,7,0.191,2.5,0.5,2.9,2.2,27.761904761904763,27,C,2016,4
Fred VanVleet,G,27-167,UFA,TOR,TOR,Signed 4-year $85M contract,,2020,,,4,85,92.67912772585669,23.169781931464172,2019,SG,25,TOR,54,1928,16.3,0.553,0.484,.256,1,9.9,5.6,27.7,2.5,0.9,12.3,21.7,2.8,3.1,5.8,0.145,1.2,1.4,2.7,2.3,35.7037037037037,26,SG,2017,3
Christian Wood,F,25-318,UFA,DET,HOU,Signed 3-yr $41M contract with DET as part of a sign-and-trade,,2020,,,3,41,44.704049844236756,14.901349948078918,2019,PF,24,DET,62,1325,23.2,0.659,0.276,.476,8.8,24.8,16.7,7.6,1.3,3.4,12,23,3.6,1.5,5.1,0.183,3.5,-0.3,3.1,1.7,21.370967741935484,25,C,2016,4
Nerlens Noel,C-F,27-123,UFA,OKC,NYK,Signed 1-yr $5M contract,,2020,,,1,5,5.451713395638629,5.451713395638629,2019,C,25,OKC,61,1127,20.4,0.711,0.011,.394,9.2,19.9,14.7,7.6,2.5,6.9,17.3,14.9,2.6,2.3,4.9,0.209,-0.3,3.4,3.1,1.5,18.475409836065573,26,C,2015,5
Jerami Grant,F,27-152,UFA,DEN,DET,Signed 3-yr $60M contract with DEN as part of sign-and-trade,,2020,,,3,60,65.42056074766354,21.806853582554513,2019,PF,25,DEN,71,1892,14.4,0.591,0.397,.309,3.4,11.2,7.3,6.6,1.3,2.8,8,18,2.8,1.6,4.4,0.111,0.1,-0.6,-0.5,0.7,26.64788732394366,26,SF,2015,5
Joe Harris,G,29-339,UFA,BRK,BRK,Signed 4-yr $75M contract,,2020,,,4,75,81.77570093457943,20.44392523364486,2019,SF,28,BRK,69,2123,13.3,0.606,0.518,.114,3.2,11.2,7.3,10.4,0.9,0.7,11.2,18.3,2.5,1.8,4.3,0.097,0.4,-0.6,-0.2,1,30.768115942028984,29,SF,2015,5
Jakob Poeltl,C,25-300,RFA,SAS,SAS,Signed 3-yr $26.25M contract,,2020,,,3,26.25,28.6214953271028,9.5404984423676,2019,C,24,SAS,66,1171,19.1,0.612,0,.323,12.1,22.5,17.3,13.6,1.5,7.1,15.1,13.2,2.4,1.6,4,0.163,0.5,2,2.5,1.3,17.742424242424242,25,C,2017,3
Chris Boucher,F,28-212,RFA,TOR,TOR,Signed 2-yr $13.5M contract,,2020,,,2,13.5,14.719626168224298,7.359813084112149,2019,C,27,TOR,62,819,20.7,0.587,0.395,.388,14.1,21.4,17.9,4.8,1.3,7.3,7.4,19.7,2.1,1.8,3.8,0.224,1,1,2,0.8,13.209677419354838,28,C,2018,2
Kentavious Caldwell-Pope,G,28-174,UFA,LAL,LAL,Signed 3-yr $39M contract,,2020,,,3,39,42.523364485981304,14.174454828660435,2019,SG,26,LAL,69,1762,11,0.584,0.471,.201,2.4,6.4,4.4,8.5,1.5,0.7,10.1,14.7,1.9,1.9,3.7,0.102,-1.2,0.4,-0.8,0.5,25.536231884057973,27,SG,2014,6
Dario Šarić,F-C,27-125,RFA,PHO,PHO,Signed 3-yr $27M contract,,2020,,,3,27,29.439252336448597,9.813084112149532,2019,PF,25,PHO,66,1632,14.2,0.592,0.437,.238,6.7,21.1,13.8,10.8,1.1,0.9,12.9,17.8,2.1,1.5,3.6,0.105,-0.1,-0.3,-0.4,0.7,24.727272727272727,26,C,2017,3
Dāvis Bertāns,F,28-272,UFA,WAS,WAS,Signed 5-yr $80M contract,,2020,,,5,80,87.22741433021807,17.445482866043612,2019,PF,27,WAS,54,1583,15.5,0.628,0.774,.200,2.3,15.1,8.5,8.4,1.1,1.8,8.2,19,3,0.5,3.5,0.107,2.7,-1.8,0.9,1.1,29.314814814814813,28,PF,2017,3
Brad Wanamaker,G,32-017,UFA,BOS,GSW,Signed 1-yr $2.25M contract,,2020,,,1,2.25,2.453271028037383,2.453271028037383,2019,PG,30,BOS,71,1369,12.8,0.577,0.282,.376,1.7,9.4,5.6,17.8,2.2,0.9,15.3,15.5,1.8,1.8,3.5,0.124,-1.9,1.3,-0.6,0.5,19.281690140845072,31,PG,2019,1
Jordan Clarkson,G,29-065,UFA,UTA,UTA,Signed 4-yr/$52M contract,,2020,,,4,52,56.69781931464174,14.174454828660435,2019,SG,27,TOT,71,1705,17.3,0.574,0.476,.190,3.3,8.7,6.1,13.2,1.3,0.8,9.4,26.3,2.4,1,3.4,0.096,2.4,-1.3,1.1,1.3,24.014084507042252,28,SG,2015,5
Pat Connaughton,G,28-217,UFA,MIL,MIL,Signed 3-yr $16M contract,,2020,,,3,16,17.445482866043612,5.815160955347871,2019,SG,27,MIL,67,1243,11.5,0.565,0.551,.133,5.1,16.8,11.3,10.9,0.9,2.2,14,12.3,1.1,2.3,3.4,0.13,-0.9,1.5,0.6,0.8,18.55223880597015,28,SG,2016,4
Mason Plumlee,C-F,31-159,UFA,DEN,DET,Signed 3-yr/$25M contract,,2020,,,3,25,27.258566978193144,9.086188992731048,2019,C,29,DEN,61,1057,18.8,0.613,0.017,.538,10.4,23.2,16.8,20.9,1.5,3.3,18.7,18,2,1.4,3.4,0.153,0.3,1.7,2,1.1,17.327868852459016,30,C,2014,6
Bogdan Bogdanović,G,28-358,RFA,SAC,ATL,Signed 4-yr $72M contract,SAC failed to match offer,2020,,,4,72,78.50467289719626,19.626168224299064,2019,SG,27,SAC,61,1766,15.1,0.565,0.576,.151,1.6,11.8,6.6,18,1.8,0.8,11.1,22.6,1.8,1.3,3.1,0.084,1.2,-0.5,0.6,1.2,28.950819672131146,28,SG,2018,2
Langston Galloway,G,29-245,UFA,DET,PHO,Signed 1-yr $2M contract,,2020,,,1,2,2.1806853582554515,2.1806853582554515,2019,SG,28,DET,66,1702,12.3,0.584,0.611,.157,2.2,7.8,5,8.8,1.4,0.5,6.5,15.9,2.4,0.7,3.1,0.087,0,-0.9,-0.8,0.5,25.78787878787879,29,SG,2015,5
JaMychal Green,F,31-051,UFA,LAC,DEN,Signed 2-yr $15M contract,,2020,,,2,15,16.355140186915886,8.177570093457943,2019,PF,29,LAC,63,1307,11.1,0.576,0.676,.136,6.3,24.1,15.4,5,1,1.6,12.6,13.7,1.1,2,3.1,0.115,-1.2,0.7,-0.5,0.5,20.746031746031747,30,PF,2015,5
Willie Cauley-Stein,F-C,27-358,UFA,DAL,DAL,Signed 2-yr $8.2M contract,,2020,,,2,8.2,8.94080996884735,4.470404984423675,2019,C,26,TOT,54,1097,17,0.589,0.003,.219,8,23.3,15.5,9.9,2.1,5,10.8,14.4,1.5,1.5,2.9,0.128,-1.2,1.7,0.5,0.7,20.314814814814813,27,C,2016,4
James Ennis,F,31-041,UFA,ORL,ORL,Signed 1-yr/$3.3M contact,,2020,,,1,3.3,3.598130841121495,3.598130841121495,2019,SF-SG,29,TOT,69,1265,11.5,0.565,0.471,.273,6.1,15.3,10.6,7,1.3,1.5,12.6,15.7,1,1.4,2.4,0.09,-2.2,-0.4,-2.6,-0.2,18.333333333333332,30,SF,2015,5
Kris Dunn,G,27-146,UFA,CHI,ATL,Signed 2-yr $10M contract,,2020,,,2,10,10.903426791277258,5.451713395638629,2019,PG,25,CHI,51,1269,12.1,0.51,0.327,.158,1.9,14.9,8.1,19.4,3.8,1.3,15.7,14.6,0.3,2,2.3,0.085,-3.7,3.1,-0.6,0.4,24.88235294117647,26,PG,2017,3
Torrey Craig,G-F,30-235,UFA,DEN,MIL,Signed 1-yr $1.7M contract,,2020,,,1,1.7,1.8535825545171338,1.8535825545171338,2019,SF,29,DEN,58,1072,10.8,0.553,0.513,.134,6.6,13.2,9.9,5.9,1.1,3.1,8.1,12.6,1.1,0.9,2,0.091,-2,-0.3,-2.3,-0.1,18.482758620689655,30,SF,2018,2
Michael Carter-Williams,G,29-305,UFA,ORL,ORL,Signed 2-yr $6M contract,,2020,,,2,6,6.5420560747663545,3.2710280373831773,2019,SG,28,ORL,45,833,15.3,0.535,0.288,.365,5.8,13.5,9.5,19.1,2.9,2.4,14.7,18.3,0.7,1.2,1.9,0.111,-1.5,1.6,0.1,0.5,18.511111111111113,29,SG,2014,6
Bobby Portis,F,26-182,UFA,NYK,MIL,Signed 2-yr $7.4M contract,,2020,,,2,7.4,8.06853582554517,4.034267912772585,2019,PF,24,NYK,66,1393,14.6,0.53,0.317,.158,6,20.4,12.9,11.1,1.1,1.2,10.4,21.4,0.9,1,1.9,0.064,0,-1.1,-1.1,0.3,21.106060606060606,25,C,2016,4
Jevon Carter,G,25-331,RFA,PHO,PHO,Signed 3-yr $11.5M contract,,2020,,,3,11.5,12.538940809968846,4.179646936656282,2019,PG,24,PHO,58,945,11.3,0.563,0.601,.111,3.5,10.5,6.9,11.9,2.4,1.6,11.2,12.9,0.8,1,1.8,0.093,-0.7,1.3,0.6,0.6,16.29310344827586,25,PG,2019,1
Wesley Iwundu,F,26-234,UFA,ORL,DAL,Signed 2-yr $3.5M contract,,2020,,,2,3.5,3.81619937694704,1.90809968847352,2019,SF,25,ORL,52,953,10.3,0.544,0.352,.416,2.6,12.5,7.4,8.8,1.3,1.2,8.6,13.7,0.8,0.8,1.7,0.084,-2.7,0,-2.6,-0.2,18.326923076923077,26,SF,2018,2
De'Anthony Melton,G,23-075,RFA,MEM,MEM,Signed 4-yr $35M contract,,2020,,,4,35,38.1619937694704,9.5404984423676,2019,PG,21,MEM,60,1167,13.5,0.501,0.349,.302,4,15.7,9.9,20.1,3.1,1.5,15.6,19.2,0.1,1.7,1.7,0.072,-2.2,2,-0.2,0.5,19.45,22,PG,2019,1
Elfrid Payton,G,27-170,UFA,NYK,NYK,Signed 1-yr $4.8M contract,,2020,,,1,4.8,5.233644859813084,5.233644859813084,2019,PG,25,NYK,45,1246,16,0.47,0.157,.195,4.3,14.1,9.1,38.6,2.7,1.3,16.7,19.5,0.5,1.2,1.7,0.065,-0.4,0.4,0,0.6,27.68888888888889,26,PG,2015,5
Harry Giles,F-C,23-111,UFA,SAC,POR,Signed 1-yr $1.7M contract,,2020,,,1,1.7,1.8535825545171338,1.8535825545171338,2019,C,21,SAC,46,667,16.4,0.58,0.008,.195,7.1,25.1,15.9,14.2,1.6,2.6,13.9,20.6,0.8,0.8,1.6,0.112,-2.2,0.9,-1.3,0.1,14.5,22,C,2019,1
Bryn Forbes,G,28-019,UFA,SAS,MIL,Signed 2-yr $4.8M contract,,2020,,,2,4.8,5.233644859813084,2.616822429906542,2019,SG,26,SAS,63,1579,11.1,0.57,0.656,.155,0.8,7.8,4.3,9.5,1,0,8.4,18.5,1.3,0.3,1.5,0.047,-0.6,-2.1,-2.7,-0.3,25.063492063492063,27,SG,2017,3
Solomon Hill,F,30-146,UFA,MIA,ATL,Signed 1-yr $2.2M contract,,2020,,,1,2.2,2.398753894080997,2.398753894080997,2019,PF,28,TOT,59,1088,9.8,0.535,0.615,.194,2.9,13,8.1,12.4,1.9,1,14.5,13.6,0.4,1.1,1.4,0.064,-2,0.3,-1.7,0.1,18.440677966101696,29,PF,2014,6
Trey Burke,G,28-272,UFA,DAL,DAL,Signed 3-yr $10M contract,,2020,,,3,10,10.903426791277258,3.6344755970924196,2019,PG,27,TOT,33,520,15.6,0.548,0.359,.139,3.4,7,5.2,23.7,1.5,0.3,8.7,20,1,0.4,1.3,0.123,0.8,-1,-0.2,0.2,15.757575757575758,28,PG,2014,6
Jahlil Okafor,C-F,25-239,UFA,NOP,DET,Signed 2-yr $4M contract,,2020,,,2,4,4.361370716510903,2.1806853582554515,2019,C,24,NOP,30,467,18.3,0.642,0.019,.383,10.9,18,14.4,12,0.7,3.9,16.7,19.9,0.9,0.4,1.3,0.133,-0.5,0.3,-0.2,0.2,15.566666666666666,25,C,2016,4
Malik Beasley,G,24-258,RFA,MIN,MIN,Signed 4-yr $60M contract,,2020,,,4,60,65.42056074766354,16.355140186915886,2019,SG,23,TOT,55,1209,12.7,0.546,0.517,.124,1.6,11.9,6.7,9.4,1.6,0.6,9.2,21.8,0.4,0.8,1.2,0.049,-0.7,-1.4,-2.1,0,21.98181818181818,24,SG,2017,3
Gary Clark,F,26-268,RFA,ORL,ORL,Signed 2-yr $4.1M contract,,2020,,,2,4.1,4.470404984423675,2.2352024922118376,2019,SF-PF,25,TOT,42,567,10.7,0.568,0.835,.075,6.8,14,10.3,4.1,0.5,3.4,6.8,11,0.7,0.5,1.2,0.1,-0.9,-1,-1.9,0,13.5,26,SF-PF,2019,1
Raul Neto,G,29-084,UFA,PHI,WAS,Signed 1-yr $1.9M contract,,2020,,,1,1.9,2.071651090342679,2.071651090342679,2019,PG,27,PHI,54,668,12.7,0.567,0.396,.212,1.8,8.3,5,20.3,1.7,0.8,16.2,18.7,0.5,0.6,1.2,0.083,-1.2,-0.6,-1.8,0,12.37037037037037,28,PG,2016,4
JaKarr Sampson,G-F,28-144,UFA,IND,IND,Signed 1-yr $1.9M contract,,2020,,,1,1.9,2.071651090342679,2.071651090342679,2019,PF,26,IND,34,471,12.6,0.615,0.113,.235,4.7,15.7,10.2,6.1,1.6,2.2,10.6,13.2,0.6,0.7,1.2,0.124,-2.8,1.4,-1.4,0.1,13.852941176470589,27,PF,2015,5
Sterling Brown,G,26-182,UFA,MIL,HOU,Signed 1-yr $1.7M contract,,2020,,,1,1.7,1.8535825545171338,1.8535825545171338,2019,SF,24,MIL,52,767,9.5,0.486,0.531,.156,4.3,18.5,11.8,8.6,1.7,0.8,13.3,17,-0.4,1.5,1.1,0.07,-3,1,-2,0,14.75,25,SG,2018,2
Rodney Hood,G-F,28-295,UFA,POR,POR,"Signed 2-yr $21M contract, 2021-22 is not guaranteed",,2020,,,2,21,22.89719626168224,11.44859813084112,2019,SF,27,POR,21,619,12.2,0.625,0.413,.157,1.7,10.4,6.1,7,1.3,0.6,9.4,13.9,0.9,0.2,1.1,0.084,-0.4,-0.5,-0.9,0.2,29.476190476190474,28,SF,2015,5
Damyean Dotson,G,27-097,UFA,NYK,CLE,Signed 2-yr $4M contract,,2020,,,2,4,4.361370716510903,2.1806853582554515,2019,SG,25,NYK,48,836,10.9,0.527,0.562,.114,1.2,10.6,5.8,10,1.3,0.5,6.5,16.5,0.6,0.4,0.9,0.053,-0.9,-0.5,-1.5,0.1,17.416666666666668,26,SG,2018,2
Juan Hernangómez,F,25-317,RFA,MIN,MIN,Signed 3-yr/$21M contract,,2020,,,3,21,22.89719626168224,7.63239875389408,2019,PF,24,TOT,48,833,10.4,0.518,0.522,.287,5.6,20.5,12.8,6.6,1.1,1,10.3,15.7,0.2,0.7,0.9,0.052,-2.2,-1.1,-3.4,-0.3,17.354166666666668,25,PF,2017,3
Kenrich Williams,G-F,26-252,UFA,NOP,OKC,Signed 3-yr $6M contract with NOP as part of sign-and-trade,,2020,,,3,6,6.5420560747663545,2.1806853582554515,2019,PF,25,NOP,39,832,7.5,0.429,0.66,.177,6.5,17.3,11.9,8.4,1.5,2.1,12.2,8.9,0.1,0.8,0.9,0.05,-3.4,0.9,-2.4,-0.1,21.333333333333332,26,PF,2019,1
Drew Eubanks,F,24-191,RFA,SAS,SAS,Signed 3-yr $5.3M contract,,2020,,,3,5.3,5.778816199376946,1.926272066458982,2019,C,22,SAS,22,272,17.3,0.682,0.015,.388,11.1,22.6,16.8,7.7,0.9,5.5,21.1,15.8,0.5,0.3,0.8,0.134,-1.4,-0.3,-1.7,0,12.363636363636363,23,C,2019,1
Willy Hernangómez,C,27-076,UFA,CHO,NOP,Signed 1-yr $1.7M contract,,2020,,,1,1.7,1.8535825545171338,1.8535825545171338,2019,C,25,CHO,31,375,19.2,0.576,0.158,.424,12.1,27.5,19.5,13.5,1.3,1.7,15.4,22.9,0.4,0.4,0.8,0.107,0.6,-0.5,0.1,0.2,12.096774193548388,26,C,2017,3
Tyler Johnson,G,29-096,UFA,BRK,BRK,Signed 1-yr/$2M contract,,2020,,,1,2,2.1806853582554515,2.1806853582554515,2019,PG-SG,27,TOT,39,709,10.1,0.504,0.476,.200,2.7,8.9,5.8,14.8,1.1,1.1,9.6,18,0.3,0.5,0.7,0.05,-2,-0.9,-2.9,-0.2,18.17948717948718,28,SG,2015,5
John Konchar,G,25-142,RFA,MEM,MEM,Signed 4-yr $9M contract,,2020,,,4,9,9.813084112149532,2.453271028037383,2019,SG,23,MEM,19,181,18,0.713,0.27,.054,10.7,16.6,13.7,16.2,1.8,1.5,15.6,10.3,0.5,0.2,0.7,0.182,2.5,2,4.5,0.3,9.526315789473685,24,SG,2020,0
Josh Jackson,F-G,24-182,UFA,MEM,DET,Signed 2-yr $9.8M contract,,2020,,,2,9.8,10.685358255451714,5.342679127725857,2019,SF,22,MEM,22,381,14.1,0.547,0.453,.314,3.1,14.9,9.1,13.1,2.2,2.1,13.4,22.8,0.1,0.5,0.5,0.069,-1.1,1.1,0,0.2,17.318181818181817,23,SG,2018,2
Denzel Valentine,G,27-268,RFA,CHI,CHI,Signed 1-yr $4.7M contract,,2020,,,1,4.7,5.1246105919003115,5.1246105919003115,2019,SF,26,CHI,36,488,13,0.511,0.578,.034,1.9,15.5,8.4,14.2,2.6,1.2,9.8,23.3,-0.1,0.6,0.5,0.048,-0.8,0.2,-0.6,0.2,13.555555555555555,27,SG,2017,3
DaQuan Jeffries,G-F,23-346,RFA,SAC,SAC,Signed 2-yr/$3M contract,,2020,,,2,3,3.2710280373831773,1.6355140186915886,2019,SG,22,SAC,13,141,11.2,0.586,0.45,.150,2.3,12.3,7.2,7.1,1.4,0.7,4.5,13.7,0.2,0.1,0.3,0.1,-2.7,-1.1,-3.8,-0.1,10.846153846153847,23,SG,2020,0
DeAndre' Bembry,F,27-038,UFA,ATL,TOR,Signed 2-yr $3.7M contract,,2020,,,2,3.7,4.034267912772585,2.0171339563862927,2019,SG,25,ATL,43,915,9.6,0.5,0.285,.211,4,14.1,8.9,12.3,2.8,1.7,19.4,14,-0.5,0.8,0.2,0.012,-3.5,1.1,-2.5,-0.1,21.27906976744186,26,SF,2017,3
Matthew Dellavedova,G,30-337,UFA,CLE,CLE,Signed 1-yr/$2.2M contract,,2020,,,1,2.2,2.398753894080997,2.398753894080997,2019,PG,29,CLE,57,821,8.1,0.463,0.52,.211,2.4,7.8,5.1,29,1.2,0.2,23.6,13,0.1,0.1,0.2,0.011,-3.6,-1.6,-5.2,-0.7,14.403508771929825,30,PG,2014,6
Wenyen Gabriel,F,24-138,RFA,POR,NOP,Signed 2-yr $3.4M contract,,2020,,,2,3.4,3.7071651090342677,1.8535825545171338,2019,PF,22,TOT,30,235,9.6,0.546,0.417,.458,9.5,13.9,11.7,4.4,2.2,2.6,21.7,13.4,0,0.2,0.2,0.048,-3.7,-0.1,-3.8,-0.1,7.833333333333333,23,PF,2020,0
Kelan Martin,F,26-008,UFA,MIN,IND,Signed 2-yr $3M contract,,2020,,,2,3,3.2710280373831773,1.6355140186915886,2019,SF,24,MIN,31,495,9.2,0.506,0.53,.171,2.5,18.6,10.2,6.8,0.7,1.5,9.3,17.8,-0.1,0.3,0.2,0.023,-3.3,-1,-4.3,-0.3,15.96774193548387,25,SF,2020,0
Jerian Grant,G,28-306,UFA,WAS,HOU,Signed 1-yr $1.9M contract,,2020,,,1,1.9,2.071651090342679,2.071651090342679,2019,SG,27,WAS,6,80,6.6,0.449,0.296,.259,2.6,5.7,4.1,15.3,0.6,1.1,9.1,17.2,0,0,0,-0.018,-4.8,-2,-6.8,-0.1,13.333333333333334,28,SG,2016,4
Dwayne Bacon,G,25-346,UFA,CHO,ORL,Signed 2-yr $3.5M contract,,2020,,,2,3.5,3.81619937694704,1.90809968847352,2019,SG,24,CHO,39,687,6.1,0.419,0.275,.217,2.3,14,7.9,11.7,1.7,0.3,12.2,19.5,-1.2,0.4,-0.8,-0.053,-5.9,-0.9,-6.8,-0.8,17.615384615384617,25,SG,2018,2
Bojan Bogdanović,G-F,32-115,UFA,IND,UTA,Signed 4-yr $73.1M contract,,2019,,,4,73.1,79.70404984423675,19.926012461059187,2018,SF,29,IND,81,2573,16.1,0.613,0.367,.290,1.5,12.7,7.2,9.5,1.3,0,10.2,22.4,3.9,2.8,6.8,0.126,1.3,-0.6,0.7,1.7,31.765432098765434,31,SF,2015,4
Malcolm Brogdon,G,28-243,RFA,MIL,IND,Signed 4-yr $85M contract with MIL as part of sign-and-trade,,2019,,,4,85,92.67912772585669,23.169781931464172,2018,SG,26,MIL,64,1832,17.8,0.614,0.326,.203,3.8,11.7,8,16.2,1.2,0.6,10,20.7,4.2,2.3,6.5,0.171,2,0.1,2.2,1.9,28.625,28,PG,2017,2
Julius Randle,F-C,26-255,UFA,NOP,NYK,Signed 3-yr $62.10M contract,,2019,,,3,62.1,67.71028037383176,22.570093457943923,2018,PF,24,NOP,73,2232,21,0.6,0.179,.447,7.6,21.6,14.7,15.8,1.1,1.6,13.8,27.8,4.2,1.9,6.1,0.131,2.1,-0.6,1.5,2,30.575342465753426,26,PF,2015,4
Kevon Looney,F-C,25-186,UFA,GSW,GSW,Signed 3-yr $15M contract,,2019,,,3,15,16.355140186915886,5.451713395638628,2018,C,22,GSW,80,1481,17.3,0.636,0.029,.303,14.6,15.4,15,10.9,1.5,3,11.5,12.8,4.2,1.8,6,0.194,0.1,0.4,0.5,0.9,18.5125,24,C,2016,3
Thomas Bryant,C,24-011,RFA,WAS,WAS,Signed 3-yr $25M contract,,2019,,,3,25,27.258566978193144,9.086188992731048,2018,C,21,WAS,72,1496,21,0.674,0.197,.273,8.1,25.1,16.5,9.3,0.8,3.8,9.6,17.6,4.3,1.3,5.6,0.178,2.3,-0.3,2,1.5,20.77777777777778,23,C,2018,1
D'Angelo Russell,G,25-169,RFA,BRK,GSW,Signed 4-yr $117.32M contract with BRK as part of sign-and-trade,,2019,,,4,117.32,127.91900311526477,31.979750778816193,2018,PG,22,BRK,81,2448,19.4,0.533,0.419,.135,2.3,11.2,6.8,41.3,1.9,0.6,13.6,31.9,2.4,2.6,5,0.097,4,-0.6,3.4,3.4,30.22222222222222,24,PG,2016,3
Tomáš Satoranský,G,29-285,RFA,WAS,CHI,Signed 3-yr $30M contract with WAS as part of sign-and-trade,,2019,,,3,30,32.71028037383177,10.903426791277257,2018,PG,27,WAS,80,2164,14.1,0.59,0.306,.302,4,10,7,24.6,1.8,0.5,16.7,14.1,3.8,0.9,4.7,0.104,-0.4,-0.3,-0.7,0.7,27.05,29,SG,2017,2
Richaun Holmes,F-C,27-300,UFA,PHO,SAC,Signed 2-yr $9.77M contract,,2019,,,2,9.77,10.65264797507788,5.32632398753894,2018,C,25,PHO,70,1184,20.7,0.647,0,.479,10.6,20.5,15.5,7.9,1.7,5.6,10.5,17.9,3.1,1.1,4.3,0.173,0.1,0.5,0.6,0.8,16.914285714285715,27,C,2016,3
Nerlens Noel,C-F,27-123,UFA,OKC,OKC,Signed 1-yr $2.02M contract,,2019,,,1,2.02,2.202492211838006,2.202492211838006,2018,C,24,OKC,77,1055,19.3,0.608,0,.286,12.1,20,15.9,5.9,2.9,7.7,13.4,13.8,1.9,2.5,4.3,0.198,-1.2,3.3,2.1,1.1,13.7012987012987,26,C,2015,4
Delon Wright,G,29-107,RFA,MEM,DAL,Signed 3-yr $28.05M contract with MEM as part of sign-and-trade,,2019,,,3,28.05,30.584112149532707,10.194704049844235,2018,PG,26,TOT,75,1699,15.5,0.523,0.301,.269,4.4,12.8,8.6,21.6,2.5,1.6,11,18.1,1.9,2.4,4.3,0.121,0.1,1.4,1.5,1.5,22.653333333333332,28,SG-PG,2016,3
Kentavious Caldwell-Pope,G,28-174,UFA,LAL,LAL,Signed 2-yr $16.58M contract,,2019,,,2,16.58,18.077881619937692,9.038940809968846,2018,SG,25,LAL,82,2035,12.9,0.568,0.575,.209,2.5,9.4,6,7.5,1.7,0.5,7.3,18.1,2.3,1.8,4,0.095,-0.3,-0.1,-0.5,0.8,24.817073170731707,27,SG,2014,5
Dewayne Dedmon,C,31-364,UFA,ATL,SAC,Signed 3-yr $40M contract,,2019,,,3,40,43.613707165109034,14.537902388369679,2018,C,29,ATL,64,1609,16,0.602,0.413,.215,6.7,25,15.7,8.1,2,3.8,12.7,16.7,2.1,1.9,4,0.119,-0.3,0.8,0.5,1,25.140625,31,C,2014,5
Ryan Arcidiacono,G,27-138,RFA,CHI,CHI,Signed 3-yr $9M contract,,2019,,,3,9,9.813084112149532,3.2710280373831773,2018,PG,24,CHI,81,1961,11.6,0.588,0.519,.244,1.5,10.8,6.1,18.9,1.6,0.2,12,11.7,2.8,0.9,3.7,0.09,-2,0.1,-1.9,0.1,24.209876543209877,26,PG,2018,1
Maxi Kleber,F,29-194,RFA,DAL,DAL,Signed 4-yr $35.90M contract,,2019,,,4,35.9,39.14330218068535,9.785825545171338,2018,PF,27,DAL,71,1502,13.1,0.579,0.565,.192,6.5,16.9,11.7,6.8,1.2,4.4,11.4,13.5,1.6,1.8,3.5,0.111,-0.8,1.2,0.4,0.9,21.154929577464788,29,PF,2018,1
Daniel Theis,C,29-129,RFA,BOS,BOS,Signed 2-yr $10M contract,,2019,,,2,10,10.903426791277258,5.451713395638629,2018,C,26,BOS,66,908,17,0.624,0.252,.286,10.2,16.2,13.2,10.5,1.1,4.1,9.9,15.8,2.3,1.3,3.5,0.188,-0.8,0.9,0,0.5,13.757575757575758,28,C,2018,1
Dorian Finney-Smith,F,28-099,RFA,DAL,DAL,Signed 3-yr $12M contract,,2019,,,3,12,13.084112149532709,4.361370716510903,2018,SF,25,DAL,81,1985,11,0.53,0.481,.195,7.5,13.4,10.5,6.9,1.7,1.5,11.4,14,1.2,2,3.3,0.079,-1.8,0.4,-1.4,0.3,24.506172839506174,27,PF,2017,2
Terry Rozier,G,27-147,RFA,BOS,CHO,Signed 3-yr $56.7M contract with BOS as part of sign-and-trade,,2019,,,3,56.7,61.822429906542055,20.60747663551402,2018,PG,24,BOS,79,1791,12.9,0.501,0.506,.140,1.9,16.4,9.1,17.7,1.8,1,8.8,18.6,0.9,2.3,3.2,0.086,-0.7,0.5,-0.2,0.8,22.670886075949365,26,SG,2016,3
Noah Vonleh,F,25-352,UFA,NYK,MIN,Signed 1-yr $2M contract,,2019,,,1,2,2.1806853582554515,2.1806853582554515,2018,PF,23,NYK,68,1722,13.9,0.561,0.311,.355,6.7,25.8,16,11.1,1.3,2.5,14.7,14.8,1.5,1.7,3.2,0.09,-1.2,0.5,-0.7,0.6,25.323529411764707,25,PF,2015,4
Ivica Zubac,C,24-146,RFA,LAC,LAC,Signed 4-yr $28.51M contract,,2019,,,4,28.51,31.085669781931465,7.771417445482866,2018,C,21,TOT,59,1040,18.9,0.604,0,.332,11.9,24.2,18.2,9.1,0.6,4,13.9,20.3,1.9,1.3,3.2,0.148,-0.2,-0.2,-0.5,0.4,17.627118644067796,23,C,2017,2
Reggie Bullock,G-F,30-148,UFA,LAL,NYK,Signed 2-yr $8.2M contract,,2019,,,2,8.2,8.94080996884735,4.470404984423675,2018,SG,27,TOT,63,1879,10.5,0.563,0.662,.143,1.2,8.8,4.9,10.1,1,0.5,9.3,15.8,1.6,1.4,3.1,0.078,-0.7,-0.4,-1.1,0.4,29.825396825396826,29,SF,2014,5
Jake Layman,F,27-157,RFA,POR,MIN,Signed 3-yr $11.28M contract with POR as part of sign-and-trade,,2019,,,3,11.28,12.299065420560746,4.099688473520248,2018,SF,24,POR,71,1327,13.5,0.594,0.427,.167,4.6,12.6,8.7,5.6,1.1,1.8,9.2,15.9,1.9,1.2,3.1,0.111,-0.1,-0.3,-0.5,0.5,18.690140845070424,26,SF,2017,2
Tyus Jones,G,25-093,RFA,MIN,MEM,Signed 3-yr $26.44M offer sheet,,2019,,,3,26.44,28.82866043613707,9.609553478712357,2018,PG,22,MIN,68,1560,13.7,0.491,0.283,.155,1.6,7.7,4.6,28.3,2.5,0.3,9,14.1,2.1,0.9,3,0.091,-0.9,0.3,-0.6,0.6,22.941176470588236,24,PG,2016,3
Boban Marjanović,C,32-361,UFA,PHI,DAL,Signed 2-yr $7M contract,,2019,,,2,7,7.63239875389408,3.81619937694704,2018,C,30,TOT,58,681,24.2,0.664,0.038,.504,14,26.9,20.6,12.8,1.1,3.1,15.7,23.3,2.1,0.9,3,0.212,2.8,0.3,3.2,0.9,11.741379310344827,32,C,2016,3
Derrick Rose,G,32-311,UFA,MIN,DET,Signed 2-yr $15M contract,,2019,,,2,15,16.355140186915886,8.177570093457943,2018,PG,30,MIN,51,1392,19.5,0.557,0.194,.212,2.5,8.3,5.4,26.4,1.1,0.7,9.1,27.3,2.6,0.3,3,0.102,3.2,-1.7,1.4,1.2,27.294117647058822,32,PG,2014,5
JaMychal Green,F,31-051,UFA,LAC,LAC,Signed 2-yr $9.77M contract,,2019,,,2,9.77,10.65264797507788,5.32632398753894,2018,PF,28,TOT,65,1371,14.7,0.587,0.37,.212,8.3,24.3,16.4,5.8,1.6,2.3,14.3,19.4,0.9,1.9,2.9,0.101,-1.3,-0.4,-1.7,0.1,21.092307692307692,30,PF,2015,4
T.J. McConnell,G,29-139,UFA,PHI,IND,Signed 2-yr $7M contract,,2019,,,2,7,7.63239875389408,3.81619937694704,2018,PG,26,PHI,76,1470,13.4,0.555,0.1,.088,2.1,10.2,6.3,24.7,2.5,0.9,17.3,15,1.2,1.7,2.9,0.094,-1.8,0.9,-0.9,0.4,19.342105263157894,28,PG,2016,3
Khem Birch,C-F,28-317,RFA,ORL,ORL,Signed 2-yr $6M contract,,2019,,,2,6,6.5420560747663545,3.2710280373831773,2018,C,26,ORL,50,643,19.2,0.64,0.007,.550,13,18.8,15.8,8.5,1.4,3.8,9.6,14.1,1.8,1,2.8,0.212,0.1,1,1.2,0.5,12.86,28,C,2018,1
Cheick Diallo,F,24-332,UFA,NOP,PHO,Signed 2-yr $3.50M contract,,2019,,,2,3.5,3.81619937694704,1.90809968847352,2018,PF,22,NOP,64,896,17.5,0.644,0.015,.247,8.8,29.3,19.2,5.1,1.5,3,14,16,1.4,1.2,2.6,0.14,-1.1,0.1,-0.9,0.2,14,24,C,2017,2
James Ennis,F,31-041,UFA,PHI,PHI,Signed 2-yr $4.01M contract,,2019,,,2,4.01,4.37227414330218,2.18613707165109,2018,SF,28,TOT,58,1230,11,0.59,0.531,.276,5.3,10.9,8.1,4.7,1.6,1.6,9.3,12.7,1.6,1,2.6,0.103,-1.4,-0.2,-1.5,0.1,21.20689655172414,30,SF,2015,4
Rodney Hood,G-F,28-295,UFA,POR,POR,Signed 2-yr $11.72M contract,,2019,,,2,11.72,12.778816199376946,6.389408099688473,2018,SG,26,TOT,72,1893,12.3,0.545,0.352,.231,1.4,7.9,4.6,10,1.5,0.5,6.9,18.1,2.1,0.5,2.6,0.065,-1.2,-0.8,-2,0,26.291666666666668,28,SF,2015,4
Mike Muscala,F-C,30-041,UFA,LAL,OKC,Signed 2-yr $4.31M contract,,2019,,,2,4.31,4.699376947040498,2.349688473520249,2018,PF,27,TOT,64,1306,10.8,0.564,0.709,.235,4.7,14.7,9.8,7.7,0.8,2.3,10.8,14.3,1.2,1.2,2.5,0.091,-0.8,-0.3,-1.1,0.3,20.40625,29,C,2014,5
Seth Curry,G,30-353,UFA,POR,DAL,Signed 4-yr $32M contract,,2019,,,4,32,34.890965732087224,8.722741433021806,2018,SG,28,POR,74,1399,11.4,0.595,0.54,.112,2.1,6.9,4.6,6.5,1.2,0.7,11.1,16.6,1.5,0.9,2.4,0.082,-0.4,-0.7,-1,0.3,18.905405405405407,30,SG,2014,5
Danuel House,G,28-065,RFA,HOU,HOU,Signed 3-yr $11.15M contract,,2019,,,3,11.15,12.157320872274143,4.052440290758048,2018,SF,25,HOU,39,979,12.2,0.646,0.706,.282,2.8,13.3,7.9,5.9,1.1,1,11,14.1,1.6,0.7,2.3,0.113,0.1,-0.5,-0.5,0.4,25.102564102564102,27,SF,2017,2
Tim Frazier,G,30-283,UFA,MIL,DET,Signed 1-yr $1.88M contract,,2019,,,1,1.88,2.049844236760124,2.049844236760124,2018,PG,28,TOT,59,1120,11.7,0.544,0.387,.207,3.9,11.5,7.7,27.6,1.2,0.4,21.1,13.3,1.3,0.7,2,0.084,-1.4,-0.4,-1.8,0.1,18.983050847457626,30,PG,2015,4
Trey Burke,G,28-272,UFA,DAL,PHI,Signed 1-yr $2.02M contract,,2019,,,1,2.02,2.202492211838006,2.202492211838006,2018,PG,26,TOT,58,1125,16.5,0.524,0.29,.226,2.6,6.7,4.6,24.1,1.4,0.5,7.5,24.8,1.4,0.5,1.9,0.081,1.5,-1.4,0.1,0.6,19.396551724137932,28,PG,2014,5
Rodney McGruder,G,30-013,RFA,LAC,LAC,Signed 3-yr $15M contract,,2019,,,3,15,16.355140186915886,5.451713395638628,2018,SG,27,MIA,66,1550,9.4,0.51,0.488,.156,4.1,12.2,8.2,10.3,1.1,0.7,11.5,15.4,0.4,1.6,1.9,0.059,-2.2,-0.1,-2.3,-0.1,23.484848484848484,29,SG,2017,2
Quinn Cook,G,28-141,UFA,GSW,LAL,Signed 2-yr $6M contract,,2019,,,2,6,6.5420560747663545,3.2710280373831773,2018,PG,25,GSW,74,1059,13.1,0.565,0.456,.059,2.3,13,7.9,15.2,0.9,0.2,10,20.2,1,0.8,1.8,0.082,-0.5,-1.6,-2.1,0,14.31081081081081,27,PG,2017,2
Frank Kaminsky,F-C,28-129,UFA,CHO,PHO,Signed 2-yr $9.77M contract,,2019,,,2,9.77,10.65264797507788,5.32632398753894,2018,C,25,CHO,47,755,16.8,0.587,0.466,.359,5.5,18.1,11.7,12.9,0.8,1.4,10.6,22.1,1.3,0.5,1.8,0.114,1.4,-1.1,0.3,0.4,16.06382978723404,27,C,2016,3
Jordan Bell,F,26-216,UFA,GSW,MIN,Signed 1-yr $1.62M contract,,2019,,,1,1.62,1.7663551401869158,1.7663551401869158,2018,C,24,GSW,68,788,12.9,0.531,0.01,.214,7.8,16.7,12.5,12.3,1.2,5.4,16.7,13.7,0.5,1.1,1.6,0.096,-2.2,1.3,-0.9,0.2,11.588235294117647,26,C,2018,1
Bobby Portis,F,26-182,UFA,WAS,NYK,Signed 2-yr $30.75M contract,,2019,,,2,30.75,33.52803738317757,16.764018691588785,2018,PF,23,TOT,50,1299,16.1,0.529,0.304,.154,9,24.9,16.8,8.8,1.3,1.3,9.9,24.6,0.5,1.1,1.6,0.06,-0.2,-2.3,-2.4,-0.1,25.98,25,C,2016,3
Elfrid Payton,G,27-170,UFA,NOP,NYK,Signed 2-yr $16M contract,,2019,,,2,16,17.445482866043612,8.722741433021806,2018,PG,24,NOP,42,1250,14,0.502,0.255,.180,4.1,14,9.1,33.5,1.6,1.1,20.1,18.3,0.6,0.9,1.5,0.058,-0.7,-0.7,-1.4,0.2,29.761904761904763,26,PG,2015,4
Shaquille Harrison,G,27-309,UFA,CHI,CHI,Signed 1-yr $0.89M contract,,2019,,,1,0.89,0.970404984423676,0.970404984423676,2018,SG,25,CHI,73,1430,12.4,0.494,0.209,.289,2.5,14.5,8.4,14.1,3,1.8,11.1,16.5,-0.1,1.6,1.4,0.048,-2.8,1.5,-1.3,0.2,19.589041095890412,27,SG,2018,1
Luke Kornet,F,26-027,UFA,NYK,CHI,Signed 2-yr $4.5M contract,,2019,,,2,4.5,4.906542056074766,2.453271028037383,2018,PF,23,NYK,46,784,14.8,0.531,0.682,.163,3.6,14.6,9,10.5,1.7,4.5,7.6,17.9,0.6,0.7,1.4,0.083,1.4,0.7,2.1,0.8,17.043478260869566,25,C-PF,2018,1
David Nwaba,G,28-209,UFA,CLE,BRK,Signed 2-yr $3.50M contract,,2019,,,2,3.5,3.81619937694704,1.90809968847352,2018,SF,26,CLE,51,984,12.5,0.558,0.286,.324,4.4,14.4,9.2,8.1,1.8,1.5,8.8,14.6,1.1,0.3,1.4,0.069,-1.8,-0.3,-2.1,0,19.294117647058822,28,SF,2017,2
Jabari Parker,F,26-149,UFA,WAS,ATL,Signed 2-yr $13M contract,,2019,,,2,13,14.174454828660435,7.087227414330218,2018,PF,23,TOT,64,1724,15.5,0.56,0.26,.246,4.9,21.8,13.3,14.1,1.3,1.5,15.4,24.6,0.1,1.3,1.4,0.039,-0.7,-0.9,-1.5,0.2,26.9375,25,PF,2015,4
Rondae Hollis-Jefferson,F,26-220,UFA,BRK,TOR,Signed 1-yr $2.50M contract,,2019,,,1,2.5,2.7258566978193146,2.7258566978193146,2018,SF,24,BRK,59,1234,12.5,0.464,0.101,.376,7.1,19.2,13.2,11.7,1.7,1.7,10.7,21.6,-0.5,1.7,1.2,0.047,-3,0.4,-2.6,-0.2,20.915254237288135,26,PF,2016,3
Trey Lyles,F,25-279,UFA,DEN,SAS,Signed 2-yr $11M contract,,2019,,,2,11,11.993769470404983,5.996884735202491,2018,PF,23,DEN,64,1120,12.7,0.5,0.404,.234,4.2,19.6,11.9,11.3,1.3,1.8,11.1,23.4,-0.2,1.4,1.2,0.05,-1.8,-0.7,-2.4,-0.1,17.5,25,PF,2016,3
Furkan Korkmaz,G,24-018,UFA,PHI,PHI,Signed 2-yr $3.38M contract,,2019,,,2,3.38,3.685358255451713,1.8426791277258565,2018,SG,21,PHI,48,679,11.5,0.528,0.588,.180,2.6,13.8,8.3,10.7,2,0.2,8.6,17.9,0.4,0.7,1.1,0.079,-1.6,-0.2,-1.8,0,14.145833333333334,23,SG,2018,1
Raul Neto,G,29-084,UFA,UTA,PHI,Signed 1-yr $1.73M contract,,2019,,,1,1.73,1.8862928348909656,1.8862928348909656,2018,PG,26,UTA,37,474,13.5,0.558,0.373,.205,1.4,12.6,7.1,28.7,1.4,0.7,16.6,19,0.5,0.6,1.1,0.116,-1.1,0.8,-0.3,0.2,12.81081081081081,28,PG,2016,3
Alex Caruso,G,27-164,RFA,LAL,LAL,Signed 2-yr $5.5M contract,,2019,,,2,5.5,5.996884735202491,2.9984423676012457,2018,PG,24,LAL,25,531,13.9,0.569,0.289,.370,4,9,6.5,19.7,2.1,1.4,17.3,19,0.5,0.6,1,0.093,-1,0.7,-0.2,0.2,21.24,26,PG,2018,1
Brad Wanamaker,G,32-017,UFA,BOS,BOS,Signed 1-yr $1.44M contract,,2019,,,1,1.44,1.570093457943925,1.570093457943925,2018,PG,29,BOS,36,343,14.3,0.597,0.371,.267,0.9,11.8,6.4,22.5,1.7,0.5,13.9,17.1,0.6,0.4,1,0.134,-1.3,0.7,-0.7,0.1,9.527777777777779,31,PG,2019,0
Michael Carter-Williams,G,29-305,UFA,ORL,ORL,Signed 1-yr $2.02M contract,,2019,,,1,2.02,2.202492211838006,2.202492211838006,2018,PG,27,TOT,28,372,14.7,0.458,0.309,.431,5.4,15,10.1,26.5,2.6,3.4,12,19.4,0.2,0.6,0.8,0.099,-1.4,2.2,0.8,0.3,13.285714285714286,29,SG,2014,5
Emmanuel Mudiay,G,25-159,UFA,NYK,UTA,Signed 1-yr $1.73M contract,,2019,,,1,1.73,1.8862928348909656,1.8862928348909656,2018,PG,22,NYK,59,1607,14.6,0.531,0.284,.251,2.1,10.9,6.4,24.2,1.3,1,14.6,25.6,0.1,0.7,0.8,0.023,-0.2,-1.8,-2,0,27.23728813559322,24,PG,2016,3
Dragan Bender,F,23-267,UFA,PHO,MIL,Signed 2-yr $3.50M contract,,2019,,,2,3.5,3.81619937694704,1.90809968847352,2018,PF,21,PHO,46,826,9.5,0.521,0.513,.274,4.5,20.3,12.3,9.4,1,2.2,14.4,13.4,0,0.4,0.5,0.027,-3.4,-0.8,-4.1,-0.5,17.956521739130434,23,PF-C,2017,2
Stanley Johnson,F,25-074,UFA,NOP,TOR,Signed 2-yr $7.42M contract,,2019,,,2,7.42,8.090342679127724,4.045171339563862,2018,SF,22,TOT,66,1208,9.6,0.485,0.489,.145,3,16.9,9.7,10.6,2.4,1,14.7,19.4,-1.1,1.6,0.5,0.021,-3.1,0.9,-2.2,0,18.303030303030305,24,PF,2016,3
Patrick McCaw,G,25-290,RFA,TOR,TOR,Signed 2-yr $8M contract,,2019,,,2,8,8.722741433021806,4.361370716510903,2018,SG,23,TOT,29,397,7.5,0.532,0.444,.238,2,10.9,6.5,9.2,2.8,0.4,19.6,9.4,0,0.5,0.5,0.065,-4.8,1.9,-3,-0.1,13.689655172413794,25,SF,2017,2
JaKarr Sampson,G-F,28-144,UFA,,IND,Signed 1-yr $1.73M contract,,2019,,,1,1.73,1.8862928348909656,1.8862928348909656,2018,SF,25,CHI,4,127,22.5,0.633,0.259,.389,4.2,23.4,13.7,5.3,1.5,2,5.9,23.1,0.3,0.1,0.5,0.173,3.6,0.2,3.7,0.2,31.75,27,PF,2015,4
Justin Anderson,G,27-265,UFA,ATL,WAS,Signed 1-yr $1.73M contract,,2019,,,1,1.73,1.8862928348909656,1.8862928348909656,2018,SF,25,ATL,48,463,11.2,0.516,0.49,.223,5.3,13.9,9.5,6.9,2.2,2.4,11.8,17.2,0.1,0.4,0.4,0.043,-2.4,-0.3,-2.7,-0.1,9.645833333333334,27,SG,2016,3
Troy Daniels,G,30-027,UFA,PHO,LAL,Signed 1-yr $2.02M contract,,2019,,,1,2.02,2.202492211838006,2.202492211838006,2018,SG,27,PHO,51,760,9.8,0.558,0.705,.084,1.9,8.9,5.3,5,1.6,0.5,8.7,17.6,0.2,0.1,0.3,0.02,-1.7,-2,-3.7,-0.3,14.901960784313726,29,SG,2014,5
Devin Robinson,F,26-157,UFA,WAS,TOR,Signed 1-yr $1.62M contract,,2019,,,1,1.62,1.7663551401869158,1.7663551401869158,2018,SF,23,WAS,7,95,20.6,0.616,0.063,.438,6.7,16.2,11.4,9.5,2,5.3,5,17.9,0.2,0.1,0.3,0.175,0.8,1.1,1.9,0.1,13.571428571428571,25,SF,2018,1
Timothé Luwawu-Cabarrot,F,26-094,UFA,CHI,CLE,Signed 1-yr $1.67M contract,,2019,,,1,1.67,1.8208722741433019,1.8208722741433019,2018,SF,23,TOT,50,669,8,0.489,0.532,.188,1.7,14.1,7.8,5.5,1.4,1,8.2,16.6,-0.3,0.5,0.2,0.015,-4.1,-1.1,-5.2,-0.5,13.38,25,SF,2017,2
Tyler Lydon,F,25-124,UFA,DEN,SAC,Signed 2-yr $3.38M contract,,2019,,,2,3.38,3.685358255451713,1.8426791277258565,2018,PF,22,DEN,25,94,9.3,0.595,0.556,.167,8,12.7,10.4,8.2,1,0,17.2,10.6,0.1,0.1,0.2,0.086,-2.8,-1.4,-4.2,-0.1,3.76,24,PF,2018,1
Ben McLemore,G,28-181,UFA,,HOU,Signed 2-yr $4.01M contract,,2019,,,2,4.01,4.37227414330218,2.18613707165109,2018,SG,25,SAC,19,158,10.5,0.541,0.641,.188,1.9,9.4,5.5,3.4,1.8,1.6,6.7,19.4,0.1,0.1,0.2,0.055,-2.1,-1.4,-3.5,-0.1,8.31578947368421,27,SG,2014,5
Edmond Sumner,G,25-223,RFA,IND,IND,Signed 3-yr $6.48M contract,,2019,,,3,6.48,7.065420560747663,2.3551401869158877,2018,PG,23,IND,23,210,7.6,0.443,0.422,.375,4.9,7.8,6.3,6.3,2.8,2.1,11.8,17.6,-0.2,0.3,0.1,0.02,-5.8,0.5,-5.3,-0.2,9.130434782608695,25,SG,2018,1
C.J. Williams,G,31-186,UFA,MIN,BRK,Signed 1-yr $1.62M contract,,2019,,,1,1.62,1.7663551401869158,1.7663551401869158,2018,SG,28,MIN,15,128,8.8,0.55,0.457,.029,0.8,5.9,3.3,12.9,2.2,0,12.4,13.3,0.1,0.1,0.1,0.042,-3.8,0.2,-3.7,-0.1,8.533333333333333,30,SG,2018,1
Theo Pinson,G,25-279,UFA,BRK,BRK,Signed 2-yr $3.14M contract,,2019,,,2,3.14,3.423676012461059,1.7118380062305294,2018,SG,23,BRK,18,211,8.1,0.49,0.63,.301,2,15.9,9,14.1,1.4,0,17.9,20,-0.2,0.2,0,0.004,-3.6,0.4,-3.2,-0.1,11.722222222222221,25,SG,2019,0
Sindarius Thornwell,G,26-269,UFA,LAC,CLE,Signed 1-yr $1.62M contract,,2019,,,1,1.62,1.7663551401869158,1.7663551401869158,2018,SG,24,LAC,64,313,5.2,0.485,0.306,.694,1.7,12.8,7.5,7.2,2.1,1.8,23.8,11.3,-0.3,0.3,0,0.004,-5.8,1,-4.7,-0.2,4.890625,26,SG,2018,1
Marquese Chriss,F,24-040,UFA,CLE,GSW,Signed 1-yr $1.67M contract,,2019,,,1,1.67,1.8208722741433019,1.8208722741433019,2018,PF,21,TOT,43,499,9.2,0.455,0.4,.250,8.6,23.6,15.8,6.5,1.7,1.9,15.3,20.6,-0.6,0.4,-0.2,-0.023,-5.7,-1.9,-7.5,-0.7,11.604651162790697,23,PF,2017,2
Nikola Jokić,C-F,26-173,UFA,DEN,DEN,Signed 5-yr maximum salary contract ($147.71MM),,2018,,,5,147.71,172.54994159165201,34.5099883183304,2017,C,22,DEN,75,2443,24.4,0.603,0.277,.310,9,27.9,18.5,29.6,1.8,2.1,15.5,24.2,7.8,2.9,10.7,0.211,5.3,1.6,6.9,5.5,32.57333333333333,25,C,2016,2
Clint Capela,C,27-085,RFA,HOU,HOU,Signed 5-yr $87.5MM contract,,2018,,,5,87.5,102.21460895856443,20.442921791712884,2017,C,23,HOU,74,2034,24.5,0.65,0.001,.380,13.5,30.8,22.2,5.7,1.4,5.7,11.5,19.4,6.2,4.1,10.2,0.242,2.4,1,3.4,2.8,27.486486486486488,26,C,2015,3
Julius Randle,F-C,26-255,UFA,LAL,NOP,"Signed 2-yr $17.714MM contract, second year player option",,2018,,,2,17.714,20.692909521051543,10.346454760525772,2017,C,23,LAL,82,2190,19.9,0.606,0.05,.470,8.9,22.8,15.9,15.8,0.9,1.7,16.3,25.3,4,2.6,6.6,0.145,0.6,0,0.6,1.4,26.70731707317073,26,PF,2015,3
Kyle Anderson,F-G,27-325,RFA,SAS,MEM,Signed 4-yr $37.156MM contract,,2018,,,4,37.156,43.404411548164795,10.851102887041199,2017,SF,24,SAS,74,1978,15.9,0.582,0.13,.333,4.7,17.6,11.1,14.7,2.9,2.5,15.8,13.5,2.4,3.8,6.2,0.151,-0.4,3.3,2.9,2.4,26.72972972972973,27,PF,2015,3
Montrezl Harrell,F-C,27-197,RFA,LAC,LAC,Signed 2-yr $12MM contract,,2018,,,2,12,14.018003514317407,7.009001757158703,2017,C,24,LAC,76,1293,24.7,0.647,0.013,.405,8.9,17,13,10.1,1.4,3.4,9.5,23.8,4.3,1.3,5.5,0.205,3.1,0.2,3.3,1.7,17.013157894736842,27,C,2016,2
Jerami Grant,F,27-152,UFA,OKC,OKC,"Signed 3-yr $27.346MM contract, third year is player option",,2018,,,3,27.346,31.944693675210317,10.648231225070106,2017,PF,23,OKC,81,1647,16.2,0.607,0.241,.526,5.6,16.3,10.7,5.1,0.9,4.2,8.8,16,3.5,1.9,5.4,0.156,0,0.3,0.3,1,20.333333333333332,26,SF,2015,3
Kentavious Caldwell-Pope,G,28-174,UFA,LAL,LAL,Signed 1-yr $12MM contract,,2018,,,1,12,14.018003514317407,14.018003514317407,2017,SG,24,LAL,74,2458,13.2,0.561,0.52,.243,2.6,14.1,8.4,9.4,2.1,0.5,9.9,16.9,2.6,2.7,5.3,0.103,-0.4,0.6,0.3,1.4,33.21621621621622,27,SG,2014,4
Jusuf Nurkić,C,26-353,RFA,POR,POR,"Signed 4-yr $48MM contract, $4MM partial guarantee in 4th year",,2018,,,4,48,56.07201405726963,14.018003514317407,2017,C,23,POR,79,2088,19.2,0.528,0.007,.287,10,26.9,18.5,11.7,1.5,4.3,14.6,26.4,0.8,3.9,4.7,0.108,-1.1,1.1,0,1.1,26.430379746835442,26,C,2015,3
Fred VanVleet,G,27-167,UFA,TOR,TOR,Signed 2-yr $18MM contract,,2018,,,2,18,21.02700527147611,10.513502635738055,2017,PG,23,TOR,76,1520,15.9,0.556,0.479,.185,1.9,11.5,6.8,22.8,2.2,1,11.2,19.1,2.7,2,4.7,0.149,1.4,1,2.4,1.7,20,26,SG,2017,1
Alex Len,C,28-056,UFA,PHO,ATL,Signed 2-yr $8.51MM contract,,2018,,,2,8.51,9.941100825570095,4.970550412785047,2017,C,24,PHO,69,1395,19.4,0.612,0.008,.611,13.2,26.7,19.8,9.1,0.9,3.5,14,17,3.2,1.3,4.5,0.154,0.6,-0.3,0.3,0.8,20.217391304347824,27,C,2014,4
Joe Harris,G,29-339,UFA,BRK,BRK,Signed 2-yr $16MM contract,,2018,,,2,16,18.69067135242321,9.345335676211604,2017,SG,26,BRK,78,1975,13.3,0.634,0.576,.167,2.7,11.3,7,10.2,0.9,0.8,12,16.6,3,0.9,4,0.097,0.7,-0.6,0.1,1,25.32051282051282,29,SF,2015,3
Shabazz Napier,G,30-028,UFA,POR,BRK,"Signed 2-yr $3.788MM contract, second year team option",,2018,,,2,3.788,4.425016442686195,2.2125082213430973,2017,PG,26,POR,74,1535,14.2,0.544,0.411,.260,1.9,10.1,6,14.6,2.6,0.7,13.2,19.5,1.2,2,3.2,0.101,-0.7,1.4,0.7,1,20.743243243243242,29,PG,2015,3
Dāvis Bertāns,F,28-272,RFA,SAS,SAS,Signed 2-yr $14M contract,,2018,,,2,14,16.354337433370308,8.177168716685154,2017,PF,25,SAS,77,1086,14.1,0.588,0.689,.134,1.8,13.9,7.8,10.3,1.2,2.1,8.5,17.4,1.6,1.4,3.1,0.135,1,0.6,1.6,1,14.103896103896103,28,PF,2017,1
James Ennis,F,31-041,UFA,DET,HOU,"Signed 2-yr $3.467MM contract, second year player option",,2018,,,2,3.467,4.050034848678204,2.025017424339102,2017,SF,27,TOT,72,1604,11.6,0.588,0.398,.302,5.1,11,8,6.6,1.5,1,11.4,13.7,2,1.1,3.1,0.092,-1.1,-0.1,-1.2,0.3,22.27777777777778,30,SF,2015,3
Yogi Ferrell,G,28-094,UFA,DAL,SAC,"Signed 2-yr $6.15MM contract, second year not guaranteed",,2018,,,2,6.15,7.1842268010876715,3.5921134005438358,2017,SG,24,DAL,82,2282,11.4,0.54,0.492,.141,1.2,11.2,6.1,13.5,1.4,0.4,9.1,17,1.5,1.5,3,0.064,-1.3,0,-1.4,0.4,27.829268292682926,27,PG,2017,1
Aaron Gordon,F,25-329,RFA,ORL,ORL,Signed 4-yr $76MM contract,,2018,,,4,76,88.78068892401024,22.19517223100256,2017,PF,22,ORL,58,1909,16.5,0.53,0.395,.260,5,21.5,13.2,11.7,1.5,1.9,10,24.7,0.9,2,2.9,0.072,0.9,-0.6,0.3,1.1,32.91379310344828,25,PF,2015,3
Nemanja Bjelica,F,33-094,UFA,MIN,SAC,"Signed 3-yr $20.475MM contract, third year not guaranteed",,2018,,,3,20.475,23.91821849630408,7.972739498768026,2017,PF,29,MIN,67,1371,12.6,0.581,0.493,.121,4.4,18.8,11.5,8.7,1.8,1,11.7,14.3,1.7,1.1,2.8,0.097,-0.1,0.2,0.1,0.7,20.46268656716418,32,PF,2016,2
Elfrid Payton,G,27-170,UFA,PHO,NOP,Signed 1-yr $3MM contract,,2018,,,1,3,3.5045008785793517,3.5045008785793517,2017,PG,23,TOT,63,1808,16.5,0.538,0.138,.252,3.8,12.8,8.2,34.9,2.2,1,18.5,21.9,1.4,1.4,2.8,0.075,0.1,-0.3,-0.2,0.8,28.6984126984127,26,PG,2015,3
Mario Hezonja,F-G,26-167,UFA,ORL,NYK,Signed 1-yr $6.5MM contract,,2018,,,1,6.5,7.593085236921929,7.593085236921929,2017,SF,22,ORL,75,1657,13.7,0.544,0.433,.170,2.7,16.1,9.3,10,2.4,1.5,11.5,19.9,0.5,1.8,2.3,0.066,-0.9,0.4,-0.5,0.6,22.093333333333334,25,PF,2016,2
Doug McDermott,F,29-220,UFA,DAL,IND,Signed 3-yr $22MM contract,,2018,,,3,22,25.699673109581912,8.56655770319397,2017,SF,26,TOT,81,1768,10.4,0.579,0.425,.159,2.5,10.2,6.3,6.5,0.5,0.8,9.3,15,1.7,0.6,2.3,0.063,-1,-1.3,-2.2,-0.1,21.82716049382716,29,PF,2015,3
Bryn Forbes,G,28-019,RFA,SAS,SAS,Signed to 2-yr $6MM contract,,2018,,,2,6,7.009001757158703,3.5045008785793517,2017,SG,24,SAS,80,1517,9.1,0.525,0.459,.145,0.9,7.2,4,7.8,0.9,0.1,6.5,16.7,0.8,1.3,2.1,0.067,-2.5,-0.6,-3.1,-0.4,18.9625,27,SG,2017,1
Marcus Smart,G,27-158,RFA,BOS,BOS,Signed 4-yr $52MM contract,,2018,,,4,52,60.74468189537543,15.186170473843857,2017,SG,23,BOS,54,1614,10.8,0.479,0.483,.258,3,9.8,6.4,23.7,2.2,1.2,18.4,19.4,-0.6,2.5,1.9,0.056,-2.1,1,-1.2,0.3,29.88888888888889,26,PG,2015,3
Jabari Parker,F,26-149,UFA,MIL,CHI,"Signed 2-yr $40MM contract, second year team option",,2018,,,2,40,46.72667838105802,23.36333919052901,2017,PF,22,MIL,31,743,17.1,0.55,0.244,.163,6.6,17.1,11.9,13.1,1.7,1.2,11.2,24.4,0.6,0.6,1.2,0.08,0.9,-1.7,-0.8,0.2,23.967741935483872,25,PF,2015,3
Raul Neto,G,29-084,RFA,UTA,UTA,Signed 2-yr $4.3MM contract,,2018,,,2,4.3,5.023117925963737,2.5115589629818684,2017,PG,25,UTA,41,498,11.9,0.55,0.311,.232,1.6,9.5,5.6,23,1.3,0.7,17.8,18.3,0.3,0.6,0.9,0.086,-1.6,0.2,-1.4,0.1,12.146341463414634,28,PG,2016,2
Dante Exum,G,26-029,RFA,UTA,UTA,Signed 3-yr $28.8MM contract,,2018,,,3,28.8,33.643208434361775,11.214402811453924,2017,PG,22,UTA,14,235,16.7,0.566,0.207,.356,2,10.5,6.3,29.7,1.7,1.1,16.6,23.1,0.3,0.3,0.7,0.133,-0.3,0.4,0.1,0.1,16.785714285714285,25,SG,2015,3
Luke Kornet,F,26-027,UFA,NYK,NYK,Signed 1-yr $1.619MM contract,,2018,,,1,1.619,1.8912623074733235,1.8912623074733235,2017,PF,22,NYK,20,326,13.6,0.516,0.632,.088,3.8,18,10.9,11.6,0.9,4.2,8.5,19,0.2,0.3,0.5,0.077,0.4,-0.2,0.2,0.2,16.3,25,C-PF,2018,0
Troy Williams,F,26-224,UFA,NYK,NOP,"Signed 2-yr $3.158MM contract, second year team option",,2018,,,2,3.158,3.689071258184531,1.8445356290922654,2017,SF,23,TOT,21,307,15.1,0.544,0.349,.275,8,14.8,11.4,7.7,3.2,1.1,13.5,20.1,0.2,0.4,0.5,0.085,-1,0.5,-0.5,0.1,14.619047619047619,26,SF,2017,1
Zach LaVine,G,26-154,RFA,CHI,CHI,Signed 4-yr $78MM contract,,2018,,,4,78,91.11702284306314,22.779255710765785,2017,SG,22,CHI,24,656,14.6,0.499,0.346,.301,1.4,14.4,7.7,18.6,1.8,0.5,9.7,29.5,-0.1,0.5,0.3,0.025,-0.8,-1.5,-2.3,-0.1,27.333333333333332,25,SG,2015,3
Georges Niang,F,28-055,RFA,UTA,UTA,"Signed 3-yr $4.942MM contract, first year guaranteed",,2018,,,3,4.942,5.7730811139797185,1.924360371326573,2017,PF,24,UTA,9,32,9.2,0.379,0.364,.182,10.8,21.1,16,14,3.1,0,20.2,20.9,-0.1,0.1,0,-0.029,-4.9,0.9,-4,0,3.5555555555555554,27,PF,2017,1
Otto Porter,F,28-069,RFA,WAS,WAS,Signed 4-yr/$106M deal with Wizards,Wizards matched the offer sheet signed with Nets,2017,,,4,106,127.29456167438669,31.82364041859667,2016,SF,23,WAS,80,2605,17.3,0.628,0.425,.148,5.1,17.1,11.1,6.7,2.2,1.3,4.9,15.1,6.4,3,9.4,0.173,2.4,0.9,3.3,3.5,32.5625,27,SF-PF,2014,3
Mason Plumlee,C-F,31-159,RFA,DEN,DEN,Signed 3-yr/$41M deal with Nuggets,,2017,,,3,41,49.236575741979756,16.41219191399325,2016,C,26,TOT,81,2148,18.1,0.558,0.01,.482,8.8,22.4,15.6,19.8,1.6,3.4,15.1,18.1,3.6,2.4,6,0.135,0.6,1.4,2,2.2,26.51851851851852,30,C,2014,3
JaMychal Green,F,31-051,RFA,MEM,MEM,Signed 2-yr/$27M deal with Grizzlies,,2017,,,2,27,32.42408646423057,16.212043232115285,2016,PF,26,MEM,77,2101,13.5,0.601,0.29,.334,8.8,21.1,14.8,6.3,1.2,1.5,14.1,14.4,3.2,2.6,5.8,0.132,-0.9,0.2,-0.8,0.6,27.285714285714285,30,PF,2015,2
Dewayne Dedmon,C,31-364,UFA,SAS,ATL,Signed 2-yr/$14M deal with Hawks,,2017,,,2,14,16.812489277749187,8.406244638874593,2016,C,27,SAS,76,1330,16,0.645,0,.359,11.2,30.6,21.1,4.8,1.4,3.7,16.9,12.3,2.3,3,5.2,0.189,-1.4,2,0.6,0.9,17.5,31,C,2014,3
Joe Ingles,F-G,33-313,RFA,UTA,UTA,Signed 4-yr/$52M deal with Jazz,,2017,,,4,52,62.446388745925546,15.611597186481387,2016,SF,29,UTA,82,1972,12.4,0.604,0.619,.151,1.4,13.6,7.6,17.2,2.6,0.3,18.2,13.9,2,3,5,0.123,-0.7,2.3,1.6,1.8,24.048780487804876,33,SF,2015,2
Andre Roberson,G-F,29-250,RFA,OKC,OKC,Signed 3-yr/$30M deal with Thunder,,2017,,,3,30,36.026762738033966,12.008920912677988,2016,SF,25,OKC,79,2376,9.6,0.51,0.397,.240,4.6,14.2,9.4,4.6,1.9,2.7,9.1,10.1,1.1,3.1,4.2,0.085,-2.5,1.4,-1,0.6,30.075949367088608,29,SG,2014,3
Kelly Olynyk,C-F,30-114,UFA,BOS,MIA,Signed 4-yr/$50M deal with Heat,,2017,,,4,50,60.044604563389946,15.011151140847486,2016,C,25,BOS,75,1538,15.3,0.603,0.378,.242,5.3,20.7,13.1,15.2,1.4,1.5,14.6,19,2.2,1.9,4.1,0.127,-0.3,0.6,0.3,0.9,20.506666666666668,29,C-PF,2014,3
Nikola Mirotić,F,30-181,RFA,CHI,CHI,Signed 2-yr/$27M deal with Bulls,,2017,,,2,27,32.42408646423057,16.212043232115285,2016,PF,25,CHI,70,1679,14.5,0.546,0.603,.205,3.9,20.9,12.3,6.9,1.6,2.6,10.5,19.8,1.2,2.5,3.8,0.107,0.2,0.5,0.7,1.1,23.985714285714284,29,PF,2015,2
Willie Reed,F-C,31-087,UFA,MIA,LAC,Signed 1-yr/$1.5M deal with Clippers,,2017,,,1,1.5,1.8013381369016983,1.8013381369016983,2016,C,26,MIA,71,1031,17.1,0.578,0.014,.309,13.7,22,17.8,3.9,0.9,3.6,8.7,15.3,2.1,1.5,3.6,0.168,-0.9,0,-0.9,0.3,14.52112676056338,30,C,2016,1
Cristiano Felício,F-C,29-035,RFA,CHI,CHI,Signed 4-yr/$32M deal with Bulls,,2017,,,4,32,38.428546920569566,9.607136730142392,2016,C,24,CHI,66,1040,15.3,0.603,0,.421,12.8,19.5,16.1,5.7,1.2,1.3,11.2,12.4,2.1,1.3,3.4,0.158,-0.6,-0.1,-0.7,0.3,15.757575757575758,28,C,2016,1
Mike Muscala,F-C,30-041,UFA,ATL,ATL,Signed 2-yr/$10M deal with Hawks,,2017,,,2,10,12.00892091267799,6.004460456338995,2016,C,25,ATL,70,1237,14.4,0.596,0.326,.190,6.9,14.4,10.7,11.9,1.2,2.8,13.1,14.8,1.8,1.6,3.4,0.132,-0.1,1.2,1.1,1,17.67142857142857,29,C,2014,3
Bojan Bogdanović,G-F,32-115,UFA,WAS,IND,Signed 2-yr/$21M deal with Pacers,,2017,,,2,21,25.218733916623776,12.609366958311888,2016,SF,27,TOT,81,2083,13.5,0.585,0.464,.288,1.9,12.3,7.2,8.7,0.8,0.3,12.1,22.4,2,0.9,2.9,0.067,-0.1,-2.1,-2.2,-0.1,25.71604938271605,31,SF,2015,2
Ian Clark,G,30-157,UFA,GSW,NOP,Signed 1-yr/$1.6M deal with Pelicans,,2017,,,1,1.6,1.9214273460284783,1.9214273460284783,2016,SG,25,GSW,77,1137,13.1,0.575,0.376,.134,2.3,9,5.8,11.2,1.7,0.6,10.7,19.5,1,1.3,2.3,0.099,-1,-0.5,-1.5,0.1,14.766233766233766,29,SG,2014,3
Alan Williams,F-C,28-195,RFA,PHO,PHO,Signed 3-yr/$17M deal with Suns,,2017,,,3,17,20.415165551552583,6.805055183850861,2016,C,24,PHO,47,708,19.5,0.547,0.004,.419,14,31.2,22.4,5.2,1.8,3.7,10.5,20.9,1.1,0.9,2.1,0.142,-0.8,-0.6,-1.3,0.1,15.063829787234043,28,PF,2016,1
Jonathon Simmons,G-F,31-331,UFA,SAS,ORL,Signed 3-yr/$20M deal with Magic,,2017,,,3,20,24.01784182535598,8.00594727511866,2016,SG,27,SAS,78,1392,9.9,0.504,0.242,.314,1.7,11.1,6.5,13.2,1.7,1.5,13.7,18,-0.1,2.1,2,0.068,-3.7,1.1,-2.6,-0.2,17.846153846153847,31,SG-SF,2016,1
Langston Galloway,G,29-245,UFA,SAC,DET,Signed 3-yr/$21M deal with Pistons,,2017,,,3,21,25.218733916623776,8.406244638874592,2016,PG,25,TOT,74,1495,10.4,0.51,0.565,.117,2,9.3,5.6,9.4,1.5,0.3,7.4,18.4,0.2,1.1,1.3,0.04,-1.5,-0.7,-2.3,-0.1,20.2027027027027,29,SG,2015,2
Reggie Bullock,G-F,30-148,UFA,DET,DET,Signed 2-yr/$5M deal with Pistons,,2017,,,2,5,6.004460456338995,3.0022302281694975,2016,SF,25,DET,31,467,11.7,0.538,0.57,.055,2.9,12.4,7.5,8.8,1.9,0.5,7.1,13.4,0.4,0.5,1,0.101,-1,1.3,0.3,0.3,15.064516129032258,29,SF,2014,3
Ben McLemore,G,28-181,UFA,SAC,MEM,Signed 2-yr/$10.6M deal with Grizzlies,,2017,,,2,10.6,12.729456167438668,6.364728083719334,2016,SG,23,SAC,61,1176,9.8,0.538,0.406,.222,1.9,10.7,6.3,6.9,1.2,0.5,11.9,20.1,-0.1,0.5,0.4,0.015,-2.5,-1.7,-4.2,-0.6,19.278688524590162,27,SG,2014,3
Michael Carter-Williams,G,29-305,UFA,CHI,CHO,Signed 1-yr/$2.7M deal with Hornets,,2017,,,1,2.7,3.2424086464230575,3.2424086464230575,2016,PG,25,CHI,45,846,9.9,0.437,0.209,.252,3,16.6,9.8,20,2.3,2.2,16.3,20.9,-1,1.3,0.2,0.013,-4.5,1.3,-3.2,-0.3,18.8,29,SG,2014,3
Ron Baker,G,28-134,RFA,NYK,NYK,Signed 2-yr/$8.9M deal with Knicks,,2017,,,2,8.9,10.687939612283412,5.343969806141706,2016,SG,23,NYK,52,857,7.5,0.456,0.396,.198,1.5,10.8,6.2,17.3,2,0.8,19.2,14.8,-0.6,0.5,-0.1,-0.008,-4.5,-0.3,-4.7,-0.6,16.48076923076923,27,SG,2017,0
Hassan Whiteside,C,32-059,UFA,MIA,MIA,Signed 4-yr/$98M deal with Heat,,2016,,,4,98,123.87538106922447,30.96884526730612,2015,C,26,MIA,73,2125,25.7,0.629,0,.482,13.1,32.4,23.1,2.4,1.1,9.7,14.2,20.7,5,5.3,10.3,0.233,1.7,2.4,4.1,3.3,29.10958904109589,31,C,2015,1
Allen Crabbe,G-F,29-124,RFA,POR,POR,Signed 4-yr/$75M deal with Trail Blazers,,2016,,,4,75,94.80258755297791,23.700646888244478,2015,SG,23,POR,81,2105,12.2,0.572,0.42,.167,1.4,9.7,5.6,7.2,1.5,0.6,8.1,16.4,3.1,1.2,4.3,0.098,-0.9,-0.1,-1,0.5,25.987654320987655,28,SG-SF,2014,2
Boban Marjanović,C,32-361,RFA,SAS,DET,Signed 3-yr/$21M deal with Pistons,,2016,,,3,21,26.544724514833817,8.848241504944605,2015,C,27,SAS,54,508,27.7,0.662,0,.655,16.9,26.2,21.7,6.6,1.2,3.5,11.5,22.8,2.3,1.2,3.4,0.325,3.9,0.4,4.3,0.8,9.407407407407407,32,C,2016,0
Langston Galloway,G,29-245,UFA,NYK,NOP,Signed 2-yr/$10M deal with Pelicans,,2016,,,2,10,12.640345007063722,6.320172503531861,2015,PG,24,NYK,82,2033,11.7,0.49,0.381,.194,2.3,13,7.7,15.7,1.9,0.8,8.7,15.6,1.4,1.8,3.3,0.077,-1.7,0.7,-1,0.5,24.79268292682927,29,SG,2015,1
Dwight Powell,F-C,30-022,RFA,DAL,DAL,Signed 4-yr/$37M deal with Mavericks,,2016,,,4,37,46.769276526135776,11.692319131533944,2015,PF,24,DAL,69,992,16.8,0.557,0.054,.480,9.3,20.9,15.1,7.2,1.8,2,10,18.4,1.8,1.3,3.1,0.151,-0.6,0.7,0.1,0.5,14.376811594202898,29,C,2015,1
Dewayne Dedmon,C,31-364,UFA,ORL,SAS,Signed 2-yr/$6M deal with Spurs,,2016,,,2,6,7.584207004238234,3.792103502119117,2015,C,26,ORL,58,705,17,0.606,0,.429,10.4,25.7,17.9,2.7,1.6,5.4,13.2,15.2,1.2,1.1,2.4,0.162,-1.6,0.7,-0.9,0.2,12.155172413793103,31,C,2014,2
Jordan Clarkson,G,29-065,RFA,LAL,LAL,Signed 4-yr/$50M deal with Lakers,,2016,,,4,50,63.20172503531861,15.800431258829652,2015,SG,23,LAL,79,2552,14.3,0.516,0.291,.186,3.8,9.6,6.6,13.8,1.7,0.2,10.2,22.8,1.7,0.4,2.1,0.039,-0.1,-1.5,-1.6,0.2,32.30379746835443,28,SG,2015,1
Solomon Hill,F,30-146,UFA,IND,NOP,Signed 4-yr/$48M deal with Pelicans,,2016,,,4,48,60.67365603390587,15.168414008476468,2015,SF,24,IND,59,866,12.2,0.543,0.356,.202,4.9,15.9,10.5,9.6,2.1,1,12.7,13.2,0.8,1.3,2.1,0.117,-1.1,1.2,0.1,0.5,14.677966101694915,29,PF,2014,2
Tyler Johnson,G,29-096,RFA,MIA,MIA,Signed 4-yr/$50M deal with Heat,,2016,,,4,50,63.20172503531861,15.800431258829652,2015,SG,23,MIA,36,863,13.8,0.579,0.292,.263,3.8,10.3,7.2,13.9,1.4,1.2,14.8,16.8,1.2,0.9,2,0.113,-0.1,0.7,0.7,0.6,23.97222222222222,28,SG,2015,1
Isaiah Canaan,G,30-082,RFA,PHI,CHI,Signed 2-yr/$2.2M deal with Bulls,,2016,,,2,2.2,2.780875901554019,1.3904379507770095,2015,SG,24,PHI,77,1966,11.1,0.528,0.672,.249,1.1,8.8,4.8,11.3,1.4,0.5,10.2,19.9,0.9,0.5,1.4,0.035,-0.8,-1.6,-2.4,-0.2,25.532467532467532,29,PG,2014,2
Seth Curry,G,30-353,UFA,SAC,DAL,Signed 2-yr/$6M deal with Mavericks,,2016,,,2,6,7.584207004238234,3.792103502119117,2015,PG,25,SAC,44,692,13.8,0.603,0.496,.241,1.4,7.9,4.7,14.2,1.5,0.4,12.7,17.4,1.2,0.2,1.4,0.097,0.7,-0.9,-0.2,0.3,15.727272727272727,30,SG,2014,2
Tim Frazier,G,30-283,RFA,NOP,NOP,Signed 2-yr/$4.1M deal with Pelicans,,2016,,,2,4.1,5.1825414528961256,2.5912707264480628,2015,PG,25,TOT,51,741,13.9,0.499,0.21,.323,3.8,12.8,8.2,33.3,2.2,0.2,19.9,19.4,0.4,0.5,1,0.062,-1.5,-0.5,-2,0,14.529411764705882,30,PG,2015,1
James Ennis,F,31-041,UFA,NOP,MEM,Signed 2-yr/$6M deal with Grizzlies,,2016,,,2,6,7.584207004238234,3.792103502119117,2015,SF,25,TOT,22,329,17.8,0.621,0.513,.301,6.9,7.4,7.1,10.1,2.4,1.3,12.9,19.8,0.7,0.2,0.9,0.133,2.5,-1,1.5,0.3,14.954545454545455,30,SF,2015,1
Tarik Black,C-F,29-262,RFA,LAL,LAL,Signed 2-yr/$12.85M deal with Lakers,,2016,,,2,12.85,16.242843334076884,8.121421667038442,2015,C,24,LAL,39,496,12.3,0.537,0,.433,9.2,25.4,17,5.2,1.4,2.9,15.1,12.9,0.3,0.4,0.7,0.072,-3.1,-0.2,-3.3,-0.2,12.717948717948717,29,C,2015,1
