player,fga,ts_percent,e_fg_percent,percent_shots_at_rim,fg_percent_at_rim,percent_assisted_at_rim,percent_shots_2pt_j,fg_percent_2pt_jumpers,percent_assisted_2pt_j,percent_of_shots_3pt,x3fg_percent,percent_assisted_3s,fta_fga,ft_percent,season,team,hoop_math_input,school,sref_player_name,hoop_math_school
Jay Heath,229,0.501,0.48,0.284,0.585,0.105,0.262,0.35,0.048,0.45399999999999996,0.327,0.6759999999999999,0.122,0.821,2020-21,BostonCollege,BostonCollege,Boston College,Jay Heath,Boston College
Rich Kelly,135,0.559,0.53,0.289,0.615,0.16699999999999998,0.10400000000000001,0.28600000000000003,0,0.607,0.354,0.7929999999999999,0.17,0.87,2020-21,BostonCollege,BostonCollege,Boston College,Rich Kelly,Boston College
CJ Felder,131,0.562,0.5529999999999999,0.41200000000000003,0.685,0.595,0.099,0.308,0.5,0.489,0.32799999999999996,0.9520000000000001,0.298,0.59,2020-21,BostonCollege,BostonCollege,Boston College,CJ Felder,Boston College
Wynston Tabbs,121,0.54,0.5,0.215,0.5770000000000001,0,0.248,0.267,0.125,0.537,0.385,0.56,0.281,0.794,2020-21,BostonCollege,BostonCollege,Boston College,Wynston Tabbs,Boston College
Makai Ashton-Langford,104,0.508,0.462,0.40399999999999997,0.643,0.111,0.183,0.316,0,0.413,0.233,0.8,0.365,0.737,2020-21,BostonCollege,BostonCollege,Boston College,Makai Ashton-Langford,Boston College
Steffon Mitchell,101,0.562,0.535,0.426,0.6509999999999999,0.35700000000000004,0.109,0.455,0,0.465,0.298,1,0.455,0.652,2020-21,BostonCollege,BostonCollege,Boston College,Steffon Mitchell,Boston College
DeMarr Langford,85,0.515,0.447,0.565,0.521,0.32,0.259,0.318,0.14300000000000002,0.17600000000000002,0.267,1,0.541,0.7390000000000001,2020-21,BostonCollege,BostonCollege,Boston College,DeMarr Langford Jr.,Boston College
James Karnik,73,0.518,0.473,0.6579999999999999,0.562,0.33299999999999996,0.17800000000000002,0.231,1,0.16399999999999998,0.25,1,0.315,0.7829999999999999,2020-21,BostonCollege,BostonCollege,Boston College,James Karnik,Boston College
Frederick Scott,37,0.5670000000000001,0.5539999999999999,0.35100000000000003,0.5379999999999999,0.28600000000000003,0.18899999999999997,0.429,0.33299999999999996,0.45899999999999996,0.41200000000000003,0.5710000000000001,0.405,0.6,2020-21,BostonCollege,BostonCollege,Boston College,Frederick Scott,Boston College
Kamari Williams,35,0.48800000000000004,0.486,0.14300000000000002,0.4,0,0.114,0.75,0,0.743,0.308,0.875,0.114,0.5,2020-21,BostonCollege,BostonCollege,Boston College,Kamari Williams,Boston College
Aamir Simms,233,0.612,0.579,0.37799999999999995,0.682,0.483,0.386,0.467,0.381,0.23600000000000002,0.4,0.909,0.27,0.825,2020-21,Clemson,Clemson,Clemson,Aamir Simms,Clemson
Al-Amir Dawes,178,0.56,0.542,0.18,0.625,0.25,0.20800000000000002,0.324,0.25,0.612,0.39399999999999996,0.674,0.174,0.742,2020-21,Clemson,Clemson,Clemson,Al-Amir Dawes,Clemson
Nick Honor,176,0.522,0.506,0.14800000000000002,0.5770000000000001,0,0.233,0.341,0.28600000000000003,0.619,0.36700000000000005,0.75,0.131,0.7390000000000001,2020-21,Clemson,Clemson,Clemson,Nick Honor,Clemson
Clyde Trapp,155,0.501,0.484,0.439,0.529,0.306,0.19399999999999998,0.3,0.33299999999999996,0.368,0.35100000000000003,0.75,0.252,0.615,2020-21,Clemson,Clemson,Clemson,Clyde Trapp,Clemson
Hunter Tyson,101,0.608,0.574,0.287,0.552,0.688,0.20800000000000002,0.429,0.444,0.505,0.431,0.955,0.34700000000000003,0.7709999999999999,2020-21,Clemson,Clemson,Clemson,Hunter Tyson,Clemson
Jonathan Baehre,92,0.49100000000000005,0.435,0.413,0.579,0.636,0.272,0.24,0.667,0.315,0.276,1,0.293,0.852,2020-21,Clemson,Clemson,Clemson,Jonathan Baehre,Clemson
John Newman III,91,0.42200000000000004,0.385,0.33,0.5670000000000001,0.41200000000000003,0.319,0.207,0.33299999999999996,0.35200000000000004,0.25,0.875,0.14300000000000002,0.9229999999999999,2020-21,Clemson,Clemson,Clemson,John Newman,Clemson
Chase Hunter,90,0.361,0.33899999999999997,0.133,0.33299999999999996,0.25,0.478,0.442,0.21100000000000002,0.389,0.14300000000000002,0.8,0.133,0.667,2020-21,Clemson,Clemson,Clemson,Chase Hunter,Clemson
Alex Hemenway,86,0.592,0.5579999999999999,0.105,0.556,0.6,0.174,0.467,0.5710000000000001,0.721,0.387,1,0.209,0.889,2020-21,Clemson,Clemson,Clemson,Alex Hemenway,Clemson
PJ Hall,61,0.539,0.508,0.24600000000000002,0.867,0.615,0.508,0.484,0.467,0.24600000000000002,0.133,1,0.262,0.75,2020-21,Clemson,Clemson,Clemson,PJ Hall,Clemson
Olivier-Maxence Prosper,52,0.4320000000000001,0.375,0.5,0.5379999999999999,0.5710000000000001,0.154,0.125,0,0.34600000000000003,0.16699999999999998,1,0.423,0.682,2020-21,Clemson,Clemson,Clemson,Olivier-Maxence Prosper,Clemson
Matthew Hurt,285,0.6629999999999999,0.6509999999999999,0.228,0.769,0.54,0.344,0.541,0.47200000000000003,0.428,0.451,0.8909999999999999,0.24600000000000002,0.7290000000000001,2020-21,Duke,Duke,Duke,Matthew Hurt,Duke
DJ Steward,252.99999999999997,0.532,0.506,0.27699999999999997,0.643,0.311,0.249,0.365,0.174,0.474,0.33299999999999996,0.75,0.18600000000000003,0.787,2020-21,Duke,Duke,Duke,DJ Steward,Duke
Jeremy Roach,169,0.556,0.5379999999999999,0.331,0.607,0.20600000000000002,0.18899999999999997,0.562,0.278,0.479,0.321,0.8079999999999999,0.237,0.675,2020-21,Duke,Duke,Duke,Jeremy Roach,Duke
Jordan Goldwire,133,0.45399999999999996,0.436,0.34600000000000003,0.478,0.273,0.233,0.29,0.33299999999999996,0.42100000000000004,0.321,0.667,0.128,0.706,2020-21,Duke,Duke,Duke,Jordan Goldwire,Duke
Mark Williams,101,0.656,0.6729999999999999,0.733,0.77,0.614,0.267,0.40700000000000003,0.545,0,NA,NA,0.406,0.537,2020-21,Duke,Duke,Duke,Mark Williams,Duke
Jalen Johnson,97,0.5700000000000001,0.557,0.598,0.603,0.5429999999999999,0.22699999999999998,0.318,0.429,0.175,0.47100000000000003,0.875,0.33,0.625,2020-21,Duke,Duke,Duke,Jalen Johnson,Duke
Jaemyn Brakefield,74,0.48900000000000005,0.493,0.405,0.6,0.278,0.135,0.2,1,0.45899999999999996,0.324,0.909,0.162,0.41700000000000004,2020-21,Duke,Duke,Duke,Jaemyn Brakefield,Duke
Joey Baker,69,0.453,0.435,0.11599999999999999,0.375,0,0.145,0.3,0.33299999999999996,0.7390000000000001,0.314,0.938,0.11599999999999999,0.75,2020-21,Duke,Duke,Duke,Joey Baker,Duke
Keenan Worthington,2,0.508,0.5,1,0.5,0,0,NA,NA,0,NA,NA,1,0.5,2020-21,Duke,Duke,Duke,Wendell Moore,Duke
M.J. Walker,208,0.5650000000000001,0.519,0.26899999999999996,0.589,0.33299999999999996,0.27399999999999997,0.316,0.055999999999999994,0.457,0.4,0.868,0.35600000000000004,0.797,2020-21,FloridaSt.,FloridaSt.,Florida State,M.J. Walker,Florida State
RaiQuan Gray,204,0.5670000000000001,0.517,0.48,0.612,0.38299999999999995,0.377,0.455,0.171,0.142,0.24100000000000002,0.429,0.451,0.7609999999999999,2020-21,FloridaSt.,FloridaSt.,Florida State,Raiquan Gray,Florida State
Scottie Barnes,189,0.547,0.529,0.45,0.706,0.233,0.349,0.379,0.08,0.201,0.263,0.9,0.349,0.621,2020-21,FloridaSt.,FloridaSt.,Florida State,Scottie Barnes,Florida State
Anthony Polite,143,0.62,0.612,0.308,0.659,0.44799999999999995,0.168,0.375,0.222,0.524,0.44,0.9390000000000001,0.259,0.649,2020-21,FloridaSt.,FloridaSt.,Florida State,Anthony Polite,Florida State
Balsa Koprivica,142,0.629,0.609,0.7390000000000001,0.705,0.622,0.254,0.306,0.545,0.006999999999999999,1,1,0.415,0.695,2020-21,FloridaSt.,FloridaSt.,Florida State,Balsa Koprivica,Florida State
Sardaar Calhoun,112.99999999999999,0.543,0.522,0.239,0.63,0.47100000000000003,0.265,0.3,0,0.496,0.39299999999999996,0.955,0.106,0.917,2020-21,FloridaSt.,FloridaSt.,Florida State,Sardaar Calhoun,Florida State
Malik Osborne,109.00000000000001,0.561,0.509,0.248,0.667,0.556,0.275,0.3,0.111,0.47700000000000004,0.365,0.8420000000000001,0.33899999999999997,0.838,2020-21,FloridaSt.,FloridaSt.,Florida State,Malik Osborne,Florida State
RayQuan Evans,97,0.492,0.40700000000000003,0.44299999999999995,0.419,0.111,0.299,0.276,0,0.258,0.36,0.889,0.45399999999999996,0.841,2020-21,FloridaSt.,FloridaSt.,Florida State,RayQuan Evans,Florida State
Wyatt Wilkes,84,0.55,0.542,0.06,0.4,0.5,0.214,0.5,0.33299999999999996,0.726,0.377,0.9129999999999999,0.06,0.8,2020-21,FloridaSt.,FloridaSt.,Florida State,Wyatt Wilkes,Florida State
Nathanael Jack,49,0.597,0.5920000000000001,0.08199999999999999,0.75,1,0.08199999999999999,0.5,0.5,0.8370000000000001,0.39,1,0.163,0.625,2020-21,FloridaSt.,FloridaSt.,Florida State,Nathanael Jack,Florida State
Tanor Ngom,30,0.649,0.5670000000000001,0.767,0.696,0.75,0.133,0.25,1,0.1,0,NA,0.6,0.889,2020-21,FloridaSt.,FloridaSt.,Florida State,Tanor Ngom,Florida State
Moses Wright,313,0.5780000000000001,0.5589999999999999,0.48200000000000004,0.735,0.613,0.428,0.34299999999999997,0.391,0.08900000000000001,0.429,0.917,0.355,0.6579999999999999,2020-21,GeorgiaTech,GeorgiaTech,Georgia Tech,Moses Wright,Georgia Tech
Michael Devoe,289,0.591,0.564,0.263,0.632,0.41700000000000004,0.24600000000000002,0.39399999999999996,0.071,0.491,0.408,0.845,0.28,0.753,2020-21,GeorgiaTech,GeorgiaTech,Georgia Tech,Michael Devoe,Georgia Tech
Jose Alvarado,265,0.612,0.575,0.392,0.654,0.515,0.18100000000000002,0.41700000000000004,0.15,0.426,0.381,0.6509999999999999,0.29100000000000004,0.831,2020-21,GeorgiaTech,GeorgiaTech,Georgia Tech,Jose Alvarado,Georgia Tech
Jordan Usher,233,0.5660000000000001,0.552,0.365,0.706,0.617,0.292,0.5,0.265,0.34299999999999997,0.28800000000000003,1,0.23199999999999998,0.667,2020-21,GeorgiaTech,GeorgiaTech,Georgia Tech,Jordan Usher,Georgia Tech
Bubba Parham,135,0.545,0.515,0.2,0.556,0.267,0.133,0.611,0.091,0.667,0.322,0.966,0.2,0.815,2020-21,GeorgiaTech,GeorgiaTech,Georgia Tech,Bubba Parham,Georgia Tech
Khalid Moore,100,0.468,0.43,0.35,0.457,0.562,0.19,0.632,0.41700000000000004,0.46,0.217,0.9,0.39,0.6409999999999999,2020-21,GeorgiaTech,GeorgiaTech,Georgia Tech,Khalid Moore,Georgia Tech
Kyle Sturdivant,71,0.537,0.493,0.324,0.609,0.28600000000000003,0.366,0.34600000000000003,0.556,0.31,0.364,0.875,0.324,0.7829999999999999,2020-21,GeorgiaTech,GeorgiaTech,Georgia Tech,Kyle Sturdivant,Georgia Tech
Ayo Dosunmu,430,0.5660000000000001,0.526,0.39799999999999996,0.649,0.36,0.409,0.381,0.16399999999999998,0.193,0.386,0.875,0.33299999999999996,0.7829999999999999,2020-21,Illinois,Illinois,Illinois,Ayo Dosunmu,Illinois
Kofi Cockburn,327,0.637,0.654,0.6970000000000001,0.763,0.69,0.303,0.40399999999999997,0.65,0,NA,NA,0.664,0.5529999999999999,2020-21,Illinois,Illinois,Illinois,Kofi Cockburn,Illinois
Trent Frazier,245.00000000000003,0.559,0.512,0.151,0.703,0.192,0.22899999999999998,0.304,0.41200000000000003,0.62,0.36200000000000004,0.855,0.314,0.831,2020-21,Illinois,Illinois,Illinois,Trent Frazier,Illinois
Adam Miller,229.99999999999997,0.52,0.504,0.17800000000000002,0.61,0.56,0.157,0.361,0.231,0.665,0.34,0.9229999999999999,0.165,0.684,2020-21,Illinois,Illinois,Illinois,Adam Miller,Illinois
Andre Curbelo,219,0.548,0.509,0.502,0.636,0.114,0.35600000000000004,0.436,0.147,0.142,0.161,0.4,0.37,0.728,2020-21,Illinois,Illinois,Illinois,Andre Curbelo,Illinois
Giorgi Bezhanishvili,123,0.5690000000000001,0.557,0.602,0.595,0.568,0.35,0.465,0.4,0.049,0.5,1,0.285,0.629,2020-21,Illinois,Illinois,Illinois,Giorgi Bezhanishvili,Illinois
Da'Monte Williams,101,0.693,0.688,0.168,0.647,0.364,0.198,0.3,0.5,0.634,0.547,1,0.465,0.6809999999999999,2020-21,Illinois,Illinois,Illinois,Da'Monte Williams,Illinois
Jacob Grandison,95,0.656,0.616,0.41100000000000003,0.6920000000000001,0.667,0.158,0.4,0.5,0.43200000000000005,0.415,1,0.242,0.9570000000000001,2020-21,Illinois,Illinois,Illinois,Jacob Grandison,Illinois
Trayce Jackson-Davis,354,0.558,0.517,0.675,0.619,0.608,0.325,0.304,0.4,0,NA,NA,0.647,0.655,2020-21,Indiana,Indiana,Indiana,Trayce Jackson-Davis,Indiana
Aljami Durham,224.00000000000003,0.537,0.473,0.28600000000000003,0.43799999999999994,0.14300000000000002,0.268,0.35,0.381,0.446,0.38,0.8420000000000001,0.46,0.7859999999999999,2020-21,Indiana,Indiana,Indiana,Aljami Durham,Indiana
Armaan Franklin,202.99999999999997,0.547,0.517,0.315,0.45299999999999996,0.172,0.266,0.40700000000000003,0.22699999999999998,0.419,0.424,0.917,0.266,0.741,2020-21,Indiana,Indiana,Indiana,Armaan Franklin,Indiana
Rob Phinisee,199,0.436,0.41,0.281,0.5539999999999999,0.258,0.23600000000000002,0.27699999999999997,0.077,0.48200000000000004,0.26,0.72,0.23600000000000002,0.638,2020-21,Indiana,Indiana,Indiana,Rob Phinisee,Indiana
Race Thompson,169,0.553,0.524,0.527,0.618,0.618,0.385,0.446,0.517,0.08900000000000001,0.2,1,0.675,0.614,2020-21,Indiana,Indiana,Indiana,Race Thompson,Indiana
Jerome Hunter,136,0.527,0.526,0.235,0.688,0.591,0.228,0.387,0.16699999999999998,0.537,0.342,0.88,0.19899999999999998,0.519,2020-21,Indiana,Indiana,Indiana,Jerome Hunter,Indiana
Trey Galloway,84,0.48400000000000004,0.452,0.5479999999999999,0.565,0.423,0.06,0.6,0,0.39299999999999996,0.182,0.833,0.226,0.737,2020-21,Indiana,Indiana,Indiana,Trey Galloway,Indiana
Khristian Lander,70,0.373,0.34299999999999997,0.14300000000000002,0.2,0,0.22899999999999998,0.25,0.75,0.629,0.273,0.833,0.114,0.875,2020-21,Indiana,Indiana,Indiana,Khristian Lander,Indiana
Jordan Geronimo,37,0.516,0.568,0.514,0.737,0.7140000000000001,0.21600000000000003,0.125,0,0.27,0.4,1,0.486,0.278,2020-21,Indiana,Indiana,Indiana,Jordan Geronimo,Indiana
Anthony Leal,32,0.465,0.45299999999999996,0.031,1,0,0.031,0,NA,0.938,0.3,1,0.156,0.6,2020-21,Indiana,Indiana,Indiana,Anthony Leal,Indiana
Luka Garza,508,0.62,0.596,0.504,0.695,0.612,0.299,0.38799999999999996,0.508,0.19699999999999998,0.44,0.955,0.392,0.7090000000000001,2020-21,Iowa,Iowa,Iowa,Luka Garza,Iowa
Joe Wieskamp,328,0.616,0.602,0.32,0.6,0.603,0.198,0.385,0.48,0.48200000000000004,0.462,0.89,0.293,0.677,2020-21,Iowa,Iowa,Iowa,Joe Wieskamp,Iowa
Jordan Bohannon,257,0.58,0.545,0.07,0.444,0.125,0.132,0.353,0.083,0.7979999999999999,0.39,0.688,0.21,0.889,2020-21,Iowa,Iowa,Iowa,Jordan Bohannon,Iowa
Keegan Murray,166,0.586,0.5539999999999999,0.47,0.6409999999999999,0.56,0.205,0.529,0.611,0.325,0.29600000000000004,0.938,0.319,0.755,2020-21,Iowa,Iowa,Iowa,Keegan Murray,Iowa
CJ Fredrick,152,0.604,0.5920000000000001,0.151,0.478,0.364,0.349,0.47200000000000003,0.44,0.5,0.474,0.917,0.22399999999999998,0.6759999999999999,2020-21,Iowa,Iowa,Iowa,CJ Fredrick,Iowa
Patrick McCaffery,137,0.518,0.485,0.445,0.59,0.528,0.24100000000000002,0.33299999999999996,0.364,0.314,0.302,1,0.299,0.7070000000000001,2020-21,Iowa,Iowa,Iowa,Patrick McCaffery,Iowa
Jack Nunge,128,0.543,0.5,0.414,0.66,0.514,0.21899999999999997,0.28600000000000003,0.75,0.36700000000000005,0.298,1,0.273,0.8290000000000001,2020-21,Iowa,Iowa,Iowa,Jack Nunge,Iowa
Connor McCaffery,102,0.436,0.41200000000000003,0.157,0.5,0.5,0.20600000000000002,0.33299999999999996,0.28600000000000003,0.637,0.27699999999999997,0.778,0.284,0.586,2020-21,Iowa,Iowa,Iowa,Connor McCaffery,Iowa
Joe Toussaint,99,0.47800000000000004,0.439,0.495,0.5920000000000001,0.31,0.39399999999999996,0.256,0.1,0.111,0.273,1,0.455,0.622,2020-21,Iowa,Iowa,Iowa,Joe Toussaint,Iowa
Tony Perkins,34,0.462,0.456,0.6759999999999999,0.435,0.4,0.235,0.5,0.25,0.08800000000000001,0.33299999999999996,1,0.441,0.467,2020-21,Iowa,Iowa,Iowa,Tony Perkins,Iowa
Carlik Jones,281,0.49100000000000005,0.434,0.335,0.585,0.036000000000000004,0.466,0.305,0.025,0.19899999999999998,0.321,0.722,0.327,0.815,2020-21,Louisville,Louisville,Louisville,Carlik Jones,Louisville
David Johnson,219,0.504,0.484,0.237,0.596,0.19399999999999998,0.384,0.321,0,0.379,0.386,0.562,0.183,0.7,2020-21,Louisville,Louisville,Louisville,David Johnson,Louisville
Samuell Williamson,146,0.533,0.51,0.24,0.657,0.609,0.514,0.507,0.368,0.247,0.25,1,0.233,0.706,2020-21,Louisville,Louisville,Louisville,Samuell Williamson,Louisville
Jae'Lyn Withers,142,0.598,0.5770000000000001,0.62,0.648,0.649,0.23199999999999998,0.39399999999999996,0.385,0.14800000000000002,0.381,0.875,0.373,0.679,2020-21,Louisville,Louisville,Louisville,Jae'lyn Withers,Louisville
Dre Davis,128,0.49699999999999994,0.445,0.414,0.528,0.429,0.21100000000000002,0.40700000000000003,0.364,0.375,0.25,1,0.375,0.75,2020-21,Louisville,Louisville,Louisville,Dre Davis,Louisville
Quinn Slazinski,90,0.552,0.494,0.278,0.68,0.294,0.2,0.611,0.364,0.522,0.23399999999999999,1,0.522,0.745,2020-21,Louisville,Louisville,Louisville,Quinn Slazinski,Louisville
JJ Traynor,55.00000000000001,0.5670000000000001,0.536,0.527,0.586,0.765,0.29100000000000004,0.312,0.6,0.182,0.5,1,0.527,0.655,2020-21,Louisville,Louisville,Louisville,JJ Traynor,Louisville
Josh Nickelberry,36,0.33799999999999997,0.319,0,NA,NA,0.111,0.25,0,0.889,0.21899999999999997,1,0.055999999999999994,1,2020-21,Louisville,Louisville,Louisville,Josh Nickelberry,Louisville
Aaron Wiggins,368,0.552,0.526,0.28,0.65,0.34299999999999997,0.29100000000000004,0.38299999999999995,0.146,0.429,0.361,0.895,0.19,0.8,2020-21,Maryland,Maryland,Maryland,Aaron Wiggins,Maryland
Eric Ayala,309,0.584,0.532,0.317,0.6629999999999999,0.2,0.152,0.298,0.071,0.531,0.348,0.789,0.379,0.8290000000000001,2020-21,Maryland,Maryland,Maryland,Eric Ayala,Maryland
Donta Scott,233,0.607,0.5920000000000001,0.27,0.6829999999999999,0.256,0.253,0.39,0.217,0.47600000000000003,0.43200000000000005,0.8959999999999999,0.322,0.667,2020-21,Maryland,Maryland,Maryland,Donta Scott,Maryland
Darryl Morsell,218.00000000000003,0.541,0.528,0.376,0.768,0.524,0.376,0.37799999999999995,0.161,0.248,0.259,0.929,0.294,0.609,2020-21,Maryland,Maryland,Maryland,Darryl Morsell,Maryland
Hakim Hart,155,0.533,0.49700000000000005,0.4,0.597,0.568,0.077,0.33299999999999996,0.75,0.523,0.29600000000000004,0.875,0.27699999999999997,0.767,2020-21,Maryland,Maryland,Maryland,Hakim Hart,Maryland
Jairus Hamilton,140,0.58,0.568,0.18600000000000003,0.6920000000000001,0.5,0.22899999999999998,0.281,0.667,0.586,0.42700000000000005,0.914,0.307,0.628,2020-21,Maryland,Maryland,Maryland,Jairus Hamilton,Maryland
Galin Smith,81,0.5690000000000001,0.556,0.506,0.634,0.8079999999999999,0.494,0.475,0.526,0,NA,NA,0.40700000000000003,0.606,2020-21,Maryland,Maryland,Maryland,Galin Smith,Maryland
Aquan Smart,28.000000000000004,0.379,0.304,0.46399999999999997,0.462,0,0.25,0.14300000000000002,0,0.28600000000000003,0.125,0,0.5710000000000001,0.625,2020-21,Maryland,Maryland,Maryland,Aquan Smart,Maryland
Isaiah Wong,360,0.55,0.5,0.297,0.579,0.226,0.303,0.39399999999999996,0.07,0.4,0.34700000000000003,0.6,0.353,0.8029999999999999,2020-21,Miami(FL),Miami(FL),Miami (FL),Isaiah Wong,Miami (FL)
Kameron McGusty,220.00000000000003,0.539,0.5,0.282,0.645,0.325,0.377,0.41,0.08800000000000001,0.341,0.32,0.75,0.255,0.821,2020-21,Miami(FL),Miami(FL),Miami (FL),Kameron McGusty,Miami (FL)
Anthony Walker,214,0.501,0.46,0.313,0.657,0.591,0.38799999999999996,0.386,0.344,0.299,0.23399999999999999,0.9329999999999999,0.341,0.7120000000000001,2020-21,Miami(FL),Miami(FL),Miami (FL),Anthony Walker,Miami (FL)
Elijah Olaniyi,190,0.509,0.47600000000000003,0.505,0.573,0.436,0.07400000000000001,0.28600000000000003,0.25,0.42100000000000004,0.262,0.81,0.289,0.7090000000000001,2020-21,Miami(FL),Miami(FL),Miami (FL),Elijah Olaniyi,Miami (FL)
Harlond Beverly,154,0.363,0.354,0.35700000000000004,0.491,0.222,0.33799999999999997,0.327,0.059000000000000004,0.305,0.149,1,0.305,0.40399999999999997,2020-21,Miami(FL),Miami(FL),Miami (FL),Harlond Beverly,Miami (FL)
Nysier Brooks,145,0.549,0.517,0.5379999999999999,0.667,0.596,0.428,0.371,0.609,0.034,0,NA,0.5379999999999999,0.6409999999999999,2020-21,Miami(FL),Miami(FL),Miami (FL),Nysier Brooks,Miami (FL)
Matt Cross,78,0.593,0.5770000000000001,0.295,0.609,0.5,0.064,0.2,1,0.6409999999999999,0.4,1,0.10300000000000001,0.875,2020-21,Miami(FL),Miami(FL),Miami (FL),Matt Cross,Miami (FL)
Deng Gak,54,0.4710000000000001,0.47200000000000003,0.648,0.6,0.905,0.278,0.2,1,0.07400000000000001,0.25,1,0.13,0.429,2020-21,Miami(FL),Miami(FL),Miami (FL),Deng Gak,Miami (FL)
Earl Timberlake,49,0.526,0.469,0.633,0.581,0.33299999999999996,0.22399999999999998,0.182,0,0.14300000000000002,0.28600000000000003,1,0.551,0.7040000000000001,2020-21,Miami(FL),Miami(FL),Miami (FL),Earl Timberlake,Miami (FL)
Willie Herenton,35,0.261,0.271,0.28600000000000003,0.2,0,0.114,0,NA,0.6,0.23800000000000002,0.8,0.2,0.14300000000000002,2020-21,Miami(FL),Miami(FL),Miami (FL),Willie Herenton,Miami (FL)
Hunter Dickinson,261,0.628,0.598,0.594,0.742,0.6779999999999999,0.391,0.402,0.561,0.015,0,NA,0.425,0.7390000000000001,2020-21,Michigan,Michigan,Michigan,Hunter Dickinson,Michigan
Franz Wagner,260,0.587,0.544,0.342,0.708,0.397,0.265,0.377,0.077,0.392,0.34299999999999997,0.743,0.304,0.835,2020-21,Michigan,Michigan,Michigan,Franz Wagner,Michigan
Isaiah Livers,223,0.605,0.57,0.20199999999999999,0.6,0.556,0.278,0.40299999999999997,0.04,0.52,0.431,0.88,0.242,0.87,2020-21,Michigan,Michigan,Michigan,Isaiah Livers,Michigan
Mike Smith,211,0.53,0.491,0.22699999999999998,0.542,0.038,0.39799999999999996,0.33299999999999996,0.107,0.374,0.418,0.606,0.275,0.7929999999999999,2020-21,Michigan,Michigan,Michigan,Mike Smith,Michigan
Eli Brooks,209,0.557,0.517,0.263,0.6729999999999999,0.514,0.278,0.24100000000000002,0.28600000000000003,0.45899999999999996,0.396,0.9470000000000001,0.21100000000000002,0.909,2020-21,Michigan,Michigan,Michigan,Eli Brooks,Michigan
Chaundee Brown,170,0.612,0.603,0.20600000000000002,0.7709999999999999,0.48100000000000004,0.247,0.405,0.647,0.547,0.419,0.9490000000000001,0.171,0.69,2020-21,Michigan,Michigan,Michigan,Chaundee Brown,Michigan
Johns Brandon,91,0.617,0.5660000000000001,0.495,0.667,0.667,0.297,0.40700000000000003,0.727,0.209,0.368,0.7140000000000001,0.484,0.795,2020-21,Michigan,Michigan,Michigan,Brandon Johns Jr,Michigan
Austin Davis,78,0.688,0.705,0.667,0.769,0.625,0.33299999999999996,0.5770000000000001,0.4,0,NA,NA,0.34600000000000003,0.556,2020-21,Michigan,Michigan,Michigan,Austin Davis,Michigan
Terrance Williams II,39,0.41200000000000003,0.37200000000000005,0.282,0.545,0.33299999999999996,0.359,0.5,0.14300000000000002,0.359,0.071,1,0.513,0.55,2020-21,Michigan,Michigan,Michigan,Terrance Williams,Michigan
Aaron Henry,363,0.521,0.48200000000000004,0.295,0.561,0.4,0.48200000000000004,0.451,0.418,0.223,0.29600000000000004,0.917,0.289,0.762,2020-21,MichiganSt.,MichiganSt.,Michigan State,Aaron Henry,Michigan State
Joshua Langford,247.00000000000003,0.48200000000000004,0.447,0.162,0.475,0.368,0.425,0.371,0.7440000000000001,0.413,0.34299999999999997,1,0.231,0.754,2020-21,MichiganSt.,MichiganSt.,Michigan State,Joshua Langford,Michigan State
Rocket Watts,241,0.41200000000000003,0.382,0.187,0.311,0.35700000000000004,0.452,0.413,0.222,0.361,0.253,0.682,0.162,0.769,2020-21,MichiganSt.,MichiganSt.,Michigan State,Rocket Watts,Michigan State
Joey Hauser,198,0.588,0.561,0.177,0.6859999999999999,0.542,0.318,0.5710000000000001,0.47200000000000003,0.505,0.34,0.971,0.34299999999999997,0.721,2020-21,MichiganSt.,MichiganSt.,Michigan State,Joey Hauser,Michigan State
Gabe Brown,138,0.613,0.594,0.23199999999999998,0.625,0.75,0.18100000000000002,0.44,0.818,0.5870000000000001,0.42,0.912,0.12300000000000001,0.882,2020-21,MichiganSt.,MichiganSt.,Michigan State,Gabe Brown,Michigan State
Malik Hall,92,0.5790000000000001,0.5329999999999999,0.5,0.5870000000000001,0.556,0.261,0.41700000000000004,0.7,0.239,0.364,1,0.6409999999999999,0.695,2020-21,MichiganSt.,MichiganSt.,Michigan State,Malik Hall,Michigan State
A.J. Hoggard,75,0.368,0.327,0.507,0.42100000000000004,0.312,0.253,0.21100000000000002,0.25,0.24,0.16699999999999998,1,0.33299999999999996,0.6,2020-21,MichiganSt.,MichiganSt.,Michigan State,A.J. Hoggard,Michigan State
Julius Marble,71,0.612,0.585,0.5489999999999999,0.6409999999999999,0.56,0.43700000000000006,0.484,0.867,0.013999999999999999,1,1,0.535,0.684,2020-21,MichiganSt.,MichiganSt.,Michigan State,Julius Marble,Michigan State
Foster Loyer,68,0.49499999999999994,0.419,0.08800000000000001,0.16699999999999998,1,0.147,0.2,0.5,0.765,0.327,0.8240000000000001,0.368,0.88,2020-21,MichiganSt.,MichiganSt.,Michigan State,Foster Loyer,Michigan State
Thomas Kithier,40,0.6709999999999999,0.65,0.9,0.722,0.846,0.1,0,NA,0,NA,NA,0.325,0.769,2020-21,MichiganSt.,MichiganSt.,Michigan State,Thomas Kithier,Michigan State
Jack Hoiberg,13,0.21400000000000005,0.154,0.154,0.5,0,0.385,0.2,1,0.462,0,NA,0.5379999999999999,0.429,2020-21,MichiganSt.,MichiganSt.,Michigan State,Marcus Bingham,Michigan State
Marcus Carr,451.99999999999994,0.517,0.451,0.257,0.5429999999999999,0.111,0.325,0.34700000000000003,0.13699999999999998,0.418,0.317,0.5,0.429,0.799,2020-21,Minnesota,Minnesota,Minnesota,Marcus Carr,Minnesota
Jamal Mashburn,243.00000000000003,0.441,0.39899999999999997,0.198,0.562,0.185,0.444,0.315,0.324,0.358,0.276,0.875,0.222,0.7959999999999999,2020-21,Minnesota,Minnesota,Minnesota,Jamal Mashburn,Minnesota
Liam Robbins,202,0.533,0.483,0.426,0.57,0.7140000000000001,0.317,0.359,0.652,0.257,0.327,0.882,0.535,0.6940000000000001,2020-21,Minnesota,Minnesota,Minnesota,Liam Robbins,Minnesota
Gabe Kalscheur,187,0.453,0.38799999999999996,0.17600000000000002,0.515,0.41200000000000003,0.235,0.341,0.5329999999999999,0.588,0.245,0.9259999999999999,0.305,0.86,2020-21,Minnesota,Minnesota,Minnesota,Gabe Kalscheur,Minnesota
Brandon Johnson,178,0.552,0.5,0.41600000000000004,0.6759999999999999,0.54,0.275,0.36700000000000005,0.667,0.309,0.255,1,0.551,0.7140000000000001,2020-21,Minnesota,Minnesota,Minnesota,Brandon Johnson,Minnesota
Both Gach,167,0.514,0.46399999999999997,0.251,0.7140000000000001,0.633,0.293,0.327,0.43799999999999994,0.455,0.276,0.9520000000000001,0.311,0.8079999999999999,2020-21,Minnesota,Minnesota,Minnesota,Both Gach,Minnesota
Tre' Williams,151,0.4690000000000001,0.483,0.285,0.605,0.308,0.23199999999999998,0.314,0.364,0.483,0.32899999999999996,0.833,0.212,0.312,2020-21,Minnesota,Minnesota,Minnesota,Tre' Williams,Minnesota
Eric Curry,95,0.48700000000000004,0.46299999999999997,0.305,0.621,0.611,0.474,0.444,0.85,0.221,0.19,1,0.305,0.621,2020-21,Minnesota,Minnesota,Minnesota,Eric Curry,Minnesota
Isaiah Ihnen,85,0.436,0.39399999999999996,0.165,0.643,0.667,0.141,0.41700000000000004,1,0.6940000000000001,0.22,0.9229999999999999,0.22399999999999998,0.789,2020-21,Minnesota,Minnesota,Minnesota,Isaiah Ihnen,Minnesota
Jericole Hellems,262,0.547,0.513,0.214,0.732,0.39,0.473,0.379,0.34,0.313,0.37799999999999995,0.871,0.267,0.7709999999999999,2020-21,NCState,NCState,North Carolina State,Jericole Hellems,North Carolina State
DJ Funderburk,162,0.631,0.5710000000000001,0.685,0.703,0.5379999999999999,0.222,0.278,0.6,0.09300000000000001,0.2,1,0.623,0.792,2020-21,NCState,NCState,North Carolina State,DJ Funderburk,North Carolina State
Cam Hayes,159,0.504,0.47200000000000003,0.157,0.36,0.111,0.358,0.42100000000000004,0.042,0.484,0.364,0.5710000000000001,0.258,0.732,2020-21,NCState,NCState,North Carolina State,Cam Hayes,North Carolina State
Devon Daniels,158,0.558,0.541,0.335,0.642,0.059000000000000004,0.316,0.46,0.043,0.348,0.345,0.632,0.259,0.659,2020-21,NCState,NCState,North Carolina State,Devon Daniels,North Carolina State
Manny Bates,156,0.652,0.6409999999999999,0.6920000000000001,0.722,0.667,0.308,0.45799999999999996,0.545,0,NA,NA,0.327,0.6859999999999999,2020-21,NCState,NCState,North Carolina State,Manny Bates,North Carolina State
Shakeel Moore,152,0.513,0.51,0.42100000000000004,0.578,0.162,0.17800000000000002,0.33299999999999996,0.222,0.401,0.344,0.667,0.191,0.517,2020-21,NCState,NCState,North Carolina State,Shakeel Moore,North Carolina State
Braxton Beverly,121,0.585,0.562,0.215,0.5379999999999999,0.14300000000000002,0.124,0.4,0,0.6609999999999999,0.4,0.812,0.306,0.703,2020-21,NCState,NCState,North Carolina State,Braxton Beverly,North Carolina State
Thomas Allen,118,0.496,0.47,0.18600000000000003,0.591,0.385,0.254,0.16699999999999998,0,0.5589999999999999,0.379,0.8,0.161,0.789,2020-21,NCState,NCState,North Carolina State,Thomas Allen,North Carolina State
Dereon Seabron,103,0.522,0.51,0.728,0.5870000000000001,0.47700000000000004,0.078,0.125,0,0.19399999999999998,0.25,1,0.32,0.5760000000000001,2020-21,NCState,NCState,North Carolina State,Dereon Seabron,North Carolina State
Teddy Allen,292,0.548,0.524,0.27399999999999997,0.638,0.196,0.325,0.379,0.111,0.401,0.376,0.75,0.27699999999999997,0.691,2020-21,Nebraska,Nebraska,Nebraska,Teddy Allen,Nebraska
Trey McGowens,243.00000000000003,0.492,0.451,0.436,0.491,0.192,0.239,0.24100000000000002,0.071,0.325,0.36700000000000005,0.759,0.43200000000000005,0.657,2020-21,Nebraska,Nebraska,Nebraska,Trey McGowens,Nebraska
Dalano Banton,219,0.49499999999999994,0.457,0.35200000000000004,0.623,0.396,0.27899999999999997,0.361,0.136,0.37,0.247,0.8,0.402,0.659,2020-21,Nebraska,Nebraska,Nebraska,Dalano Banton,Nebraska
Lat Mayen,206.99999999999997,0.53,0.512,0.222,0.609,0.857,0.111,0.261,0.33299999999999996,0.667,0.348,0.9790000000000001,0.13,0.778,2020-21,Nebraska,Nebraska,Nebraska,Lat Mayen,Nebraska
Kobe Webster,204,0.506,0.495,0.152,0.484,0.267,0.255,0.327,0.17600000000000002,0.593,0.38,0.87,0.127,0.654,2020-21,Nebraska,Nebraska,Nebraska,Kobe Webster,Nebraska
Thorir Thorbjarnarson,111.00000000000001,0.45199999999999996,0.43200000000000005,0.35100000000000003,0.41,0.43799999999999994,0.036000000000000004,0.5,0.5,0.613,0.294,0.95,0.11699999999999999,0.769,2020-21,Nebraska,Nebraska,Nebraska,Thorir Thorbjarnarson,Nebraska
Shamiel Stevenson,103,0.534,0.466,0.583,0.6,0.361,0.107,0.273,0,0.311,0.188,0.667,0.631,0.723,2020-21,Nebraska,Nebraska,Nebraska,Shamiel Stevenson,Nebraska
Derrick Walker,70,0.584,0.6,0.8290000000000001,0.638,0.784,0.157,0.455,0.2,0.013999999999999999,0,NA,0.314,0.455,2020-21,Nebraska,Nebraska,Nebraska,Derrick Walker,Nebraska
Yvan Ouedraogo,66,0.42100000000000004,0.424,0.667,0.523,0.609,0.33299999999999996,0.22699999999999998,0.4,0,NA,NA,0.6970000000000001,0.391,2020-21,Nebraska,Nebraska,Nebraska,Yvan Ouedraogo,Nebraska
Trevor Lakes,40,0.537,0.525,0.05,1,0.5,0.05,0.5,1,0.9,0.33299999999999996,1,0.1,0.75,2020-21,Nebraska,Nebraska,Nebraska,Trevor Lakes,Nebraska
Eduardo Andre,34,0.609,0.647,0.8240000000000001,0.7140000000000001,0.75,0.17600000000000002,0.33299999999999996,0.5,0,NA,NA,0.588,0.45,2020-21,Nebraska,Nebraska,Nebraska,Eduardo Andre,Nebraska
Caleb Love,329,0.41700000000000004,0.368,0.28600000000000003,0.426,0.15,0.325,0.28,0.133,0.389,0.266,0.735,0.237,0.8079999999999999,2020-21,NorthCarolina,NorthCarolina,North Carolina,Caleb Love,North Carolina
Garrison Brooks,239,0.502,0.47700000000000004,0.335,0.612,0.6729999999999999,0.632,0.391,0.542,0.033,0.5,0.75,0.385,0.609,2020-21,NorthCarolina,NorthCarolina,North Carolina,Garrison Brooks,North Carolina
RJ Davis,225.99999999999997,0.4750000000000001,0.42,0.23,0.5,0.26899999999999996,0.332,0.28,0.14300000000000002,0.43799999999999994,0.32299999999999995,0.9059999999999999,0.29600000000000004,0.821,2020-21,NorthCarolina,NorthCarolina,North Carolina,RJ Davis,North Carolina
Armando Bacot,218.00000000000003,0.643,0.628,0.7390000000000001,0.7020000000000001,0.5660000000000001,0.257,0.429,0.625,0.005,0,NA,0.583,0.6609999999999999,2020-21,NorthCarolina,NorthCarolina,North Carolina,Armando Bacot,North Carolina
Day'Ron Sharpe,216,0.521,0.519,0.7040000000000001,0.586,0.539,0.287,0.371,0.696,0.009000000000000001,0,NA,0.46799999999999997,0.505,2020-21,NorthCarolina,NorthCarolina,North Carolina,Day'Ron Sharpe,North Carolina
Kerwin Walton,178,0.624,0.607,0.055999999999999994,0.6,0.16699999999999998,0.16899999999999998,0.5,0.33299999999999996,0.775,0.42,0.897,0.14,0.84,2020-21,NorthCarolina,NorthCarolina,North Carolina,Kerwin Walton,North Carolina
Leaky Black,158,0.443,0.39899999999999997,0.259,0.537,0.22699999999999998,0.456,0.361,0.308,0.285,0.222,1,0.32899999999999996,0.6920000000000001,2020-21,NorthCarolina,NorthCarolina,North Carolina,Leaky Black,North Carolina
Andrew Platek,94,0.522,0.489,0.255,0.583,0.429,0.16,0.33299999999999996,0.4,0.585,0.327,0.9440000000000001,0.191,0.833,2020-21,NorthCarolina,NorthCarolina,North Carolina,Andrew Platek,North Carolina
Walker Kessler,90,0.58,0.583,0.6890000000000001,0.645,0.375,0.267,0.45799999999999996,0.727,0.044000000000000004,0.25,1,0.456,0.537,2020-21,NorthCarolina,NorthCarolina,North Carolina,Walker Kessler,North Carolina
Anthony Harris,43,0.49899999999999994,0.488,0.419,0.667,0.33299999999999996,0.209,0.33299999999999996,0.33299999999999996,0.37200000000000005,0.25,0.75,0.395,0.529,2020-21,NorthCarolina,NorthCarolina,North Carolina,Anthony Harris,North Carolina
Chase Audige,277,0.485,0.47700000000000004,0.22,0.6559999999999999,0.35,0.354,0.327,0.094,0.426,0.33899999999999997,0.65,0.20600000000000002,0.544,2020-21,Northwestern,Northwestern,Northwestern,Chase Audige,Northwestern
Miller Kopp,227,0.523,0.47100000000000003,0.15,0.647,0.318,0.396,0.37799999999999995,0.5589999999999999,0.45399999999999996,0.33,0.912,0.29100000000000004,0.848,2020-21,Northwestern,Northwestern,Northwestern,Miller Kopp,Northwestern
Boo Buie,222.00000000000003,0.5,0.462,0.225,0.44,0.409,0.261,0.32799999999999996,0.21100000000000002,0.514,0.36,0.7070000000000001,0.248,0.782,2020-21,Northwestern,Northwestern,Northwestern,Boo Buie,Northwestern
Pete  Nance,216,0.5720000000000001,0.551,0.292,0.6509999999999999,0.7559999999999999,0.40299999999999997,0.483,0.524,0.306,0.364,0.917,0.171,0.784,2020-21,Northwestern,Northwestern,Northwestern,Pete Nance,Northwestern
Ryan Young,123,0.612,0.573,0.789,0.629,0.344,0.195,0.33299999999999996,0.5,0.016,0.5,1,0.496,0.738,2020-21,Northwestern,Northwestern,Northwestern,Ryan Young,Northwestern
Robbie Beran,108,0.556,0.537,0.35200000000000004,0.605,0.652,0.12,0.385,0.8,0.528,0.35100000000000003,1,0.278,0.667,2020-21,Northwestern,Northwestern,Northwestern,Robbie Beran,Northwestern
Ty Berry,92,0.539,0.527,0.163,0.6,0.778,0.152,0.35700000000000004,0.4,0.685,0.365,0.87,0.272,0.6,2020-21,Northwestern,Northwestern,Northwestern,Ty Berry,Northwestern
Anthony Gaines,74,0.533,0.493,0.35100000000000003,0.654,0.529,0.297,0.273,0.16699999999999998,0.35100000000000003,0.34600000000000003,1,0.405,0.7,2020-21,Northwestern,Northwestern,Northwestern,Anthony Gaines,Northwestern
Ryan Greer,48,0.608,0.583,0.312,0.6,0.444,0.33299999999999996,0.43799999999999994,0.429,0.354,0.47100000000000003,1,0.16699999999999998,0.875,2020-21,Northwestern,Northwestern,Northwestern,Ryan Greer,Northwestern
Prentiss Hubb,342,0.512,0.48700000000000004,0.266,0.5489999999999999,0.14,0.17800000000000002,0.311,0.158,0.556,0.342,0.508,0.17300000000000001,0.78,2020-21,NotreDame,NotreDame,Notre Dame,Prentiss Hubb,Notre Dame
Dane Goodwin,254.99999999999997,0.545,0.506,0.263,0.642,0.488,0.314,0.36200000000000004,0.207,0.424,0.35200000000000004,0.9209999999999999,0.22699999999999998,0.862,2020-21,NotreDame,NotreDame,Notre Dame,Dane Goodwin,Notre Dame
Cormac Ryan,217,0.52,0.486,0.207,0.622,0.35700000000000004,0.217,0.27699999999999997,0.154,0.5760000000000001,0.344,0.86,0.207,0.8220000000000001,2020-21,NotreDame,NotreDame,Notre Dame,Cormac Ryan,Notre Dame
Nate Laszewski,202,0.691,0.6779999999999999,0.406,0.805,0.667,0.183,0.45899999999999996,0.235,0.41100000000000003,0.434,0.972,0.495,0.71,2020-21,NotreDame,NotreDame,Notre Dame,Nate Laszewski,Notre Dame
Juwan Durham,196,0.619,0.602,0.5710000000000001,0.741,0.6990000000000001,0.413,0.43200000000000005,0.28600000000000003,0.015,0,NA,0.306,0.7,2020-21,NotreDame,NotreDame,Notre Dame,Juwan Durham,Notre Dame
Trey Wertz,146,0.546,0.517,0.28800000000000003,0.405,0.059000000000000004,0.185,0.33299999999999996,0.222,0.527,0.429,0.7879999999999999,0.192,0.821,2020-21,NotreDame,NotreDame,Notre Dame,Trey Wertz,Notre Dame
Nikola Djogo,76,0.692,0.6579999999999999,0.395,0.767,0.565,0.026000000000000002,0,NA,0.579,0.409,0.9440000000000001,0.316,0.875,2020-21,NotreDame,NotreDame,Notre Dame,Nikola Djogo,Notre Dame
Washington Duane,417,0.551,0.517,0.21600000000000003,0.511,0.13,0.213,0.40399999999999997,0.083,0.5710000000000001,0.374,0.618,0.218,0.835,2020-21,OhioSt.,OhioSt.,Ohio State,Duane Washington,Ohio State
E.J.  Liddell,333,0.5670000000000001,0.515,0.267,0.674,0.7,0.49200000000000005,0.433,0.324,0.24,0.33799999999999997,0.889,0.508,0.746,2020-21,OhioSt.,OhioSt.,Ohio State,E.J. Liddell,Ohio State
Justice Sueing,222.00000000000003,0.593,0.541,0.35100000000000003,0.667,0.192,0.374,0.42200000000000004,0.14300000000000002,0.275,0.361,0.773,0.5589999999999999,0.75,2020-21,OhioSt.,OhioSt.,Ohio State,Justice Sueing,Ohio State
CJ Walker,200,0.534,0.442,0.375,0.52,0.10300000000000001,0.38,0.395,0.1,0.245,0.265,0.5379999999999999,0.42,0.94,2020-21,OhioSt.,OhioSt.,Ohio State,CJ Walker,Ohio State
Kyle Young,162,0.624,0.583,0.469,0.618,0.596,0.34600000000000003,0.5,0.429,0.185,0.433,0.9229999999999999,0.321,0.846,2020-21,OhioSt.,OhioSt.,Ohio State,Kyle Young,Ohio State
Justin Ahrens,134,0.638,0.634,0.03,0.5,0.5,0.022000000000000002,0.667,0.5,0.948,0.425,0.87,0.075,0.7,2020-21,OhioSt.,OhioSt.,Ohio State,Justin Ahrens,Ohio State
Zed Key,99,0.607,0.616,0.505,0.68,0.5589999999999999,0.495,0.551,0.556,0,NA,NA,0.7170000000000001,0.5489999999999999,2020-21,OhioSt.,OhioSt.,Ohio State,Zed Key,Ohio State
Seth Towns,76,0.556,0.52,0.132,0.4,0,0.289,0.591,0.231,0.579,0.341,0.8,0.237,0.833,2020-21,OhioSt.,OhioSt.,Ohio State,Seth Towns,Ohio State
Musa Jallow,61,0.528,0.516,0.475,0.69,0.7,0.23,0.7140000000000001,0.7,0.295,0.055999999999999994,1,0.377,0.565,2020-21,OhioSt.,OhioSt.,Ohio State,Musa Jallow,Ohio State
Eugene Brown III,37,0.45000000000000007,0.446,0.18899999999999997,0.5710000000000001,0.5,0.135,0.4,0.5,0.6759999999999999,0.28,1,0.10800000000000001,0.5,2020-21,OhioSt.,OhioSt.,Ohio State,Eugene Brown,Ohio State
Myreon Jones,322,0.525,0.488,0.177,0.526,0.5670000000000001,0.35100000000000003,0.327,0.162,0.47200000000000003,0.395,0.8,0.273,0.773,2020-21,PennSt.,PennSt.,Penn State,Myreon Jones,Penn State
Izaiah Brockington,272,0.507,0.452,0.382,0.5379999999999999,0.321,0.46,0.392,0.36700000000000005,0.158,0.27899999999999997,1,0.301,0.841,2020-21,PennSt.,PennSt.,Penn State,Izaiah Brockington,Penn State
Seth Lundy,225.99999999999997,0.506,0.47100000000000003,0.212,0.542,0.385,0.248,0.39299999999999996,0.136,0.54,0.32,0.846,0.212,0.812,2020-21,PennSt.,PennSt.,Penn State,Seth Lundy,Penn State
Sam Sessoms,191,0.47400000000000003,0.45,0.424,0.58,0.085,0.27699999999999997,0.28300000000000003,0.067,0.298,0.281,0.5,0.183,0.7140000000000001,2020-21,PennSt.,PennSt.,Penn State,Sam Sessoms,Penn State
Myles Dread,156,0.517,0.503,0.045,0.5710000000000001,0.5,0.122,0.368,0.28600000000000003,0.833,0.34600000000000003,0.889,0.10300000000000001,0.75,2020-21,PennSt.,PennSt.,Penn State,Myles Dread,Penn State
Jamari Wheeler,148,0.516,0.5,0.358,0.491,0.192,0.07400000000000001,0.273,0,0.568,0.35700000000000004,0.867,0.23600000000000002,0.629,2020-21,PennSt.,PennSt.,Penn State,Jamari Wheeler,Penn State
John Harrar,133,0.597,0.5489999999999999,0.624,0.675,0.46399999999999997,0.368,0.34700000000000003,0.647,0.008,0,NA,0.797,0.6890000000000001,2020-21,PennSt.,PennSt.,Penn State,John Harrar,Penn State
Trent Buttrick,66,0.534,0.515,0.258,0.588,0.7,0.045,0,NA,0.6970000000000001,0.348,1,0.16699999999999998,0.727,2020-21,PennSt.,PennSt.,Penn State,Trent Buttrick,Penn State
Justin Champagnie,281,0.55,0.518,0.452,0.6459999999999999,0.561,0.285,0.36200000000000004,0.69,0.263,0.311,0.9570000000000001,0.345,0.711,2020-21,Pittsburgh,Pittsburgh,Pittsburgh,Justin Champagnie,Pittsburgh
Ithiel Horton,189,0.503,0.495,0.085,0.688,0.636,0.302,0.316,0.389,0.614,0.371,0.93,0.063,0.75,2020-21,Pittsburgh,Pittsburgh,Pittsburgh,Ithiel Horton,Pittsburgh
Xavier Johnson,188,0.554,0.49200000000000005,0.426,0.562,0.17800000000000002,0.16,0.33299999999999996,0.1,0.415,0.321,0.56,0.473,0.787,2020-21,Pittsburgh,Pittsburgh,Pittsburgh,Xavier Johnson,Pittsburgh
Au'Diese Toney,166,0.555,0.518,0.45799999999999996,0.539,0.634,0.223,0.486,0.33299999999999996,0.319,0.34,1,0.524,0.667,2020-21,Pittsburgh,Pittsburgh,Pittsburgh,Au'Diese Toney,Pittsburgh
Femi Odukale,110.00000000000001,0.505,0.5,0.455,0.56,0.179,0.327,0.41700000000000004,0.267,0.218,0.33299999999999996,0.875,0.664,0.493,2020-21,Pittsburgh,Pittsburgh,Pittsburgh,Femi Odukale,Pittsburgh
Abdoul Karim Coulibaly,90,0.549,0.522,0.778,0.557,0.59,0.156,0.35700000000000004,0.8,0.067,0.33299999999999996,0.5,0.322,0.69,2020-21,Pittsburgh,Pittsburgh,Pittsburgh,Karim Coulibaly,Pittsburgh
Nike Sibande,82,0.527,0.518,0.28,0.435,0.4,0.244,0.35,0.14300000000000002,0.47600000000000003,0.436,0.529,0.256,0.5710000000000001,2020-21,Pittsburgh,Pittsburgh,Pittsburgh,Nike Sibande,Pittsburgh
William Jeffress,56.99999999999999,0.302,0.254,0.281,0.312,0.2,0.368,0.23800000000000002,0.4,0.35100000000000003,0.15,1,0.281,0.625,2020-21,Pittsburgh,Pittsburgh,Pittsburgh,William Jeffress,Pittsburgh
Terrell Brown,46,0.4730000000000001,0.435,0.7170000000000001,0.515,0.8240000000000001,0.28300000000000003,0.231,0.667,0,NA,NA,0.457,0.619,2020-21,Pittsburgh,Pittsburgh,Pittsburgh,Terrell Brown,Pittsburgh
John Hugley,38,0.42100000000000004,0.395,0.6579999999999999,0.56,0.643,0.289,0.091,1,0.053,0,NA,0.263,0.6,2020-21,Pittsburgh,Pittsburgh,Pittsburgh,John Hugley,Pittsburgh
Trevion Williams,364,0.525,0.525,0.467,0.5820000000000001,0.475,0.525,0.48200000000000004,0.28300000000000003,0.008,0,NA,0.29100000000000004,0.5,2020-21,Purdue,Purdue,Purdue,Trevion Williams,Purdue
Jaden Ivey,223,0.49699999999999994,0.455,0.368,0.622,0.196,0.19699999999999998,0.295,0.077,0.435,0.258,0.84,0.327,0.726,2020-21,Purdue,Purdue,Purdue,Jaden Ivey,Purdue
Brandon Newman,196,0.533,0.49700000000000005,0.21899999999999997,0.512,0.364,0.255,0.34,0.294,0.526,0.379,0.821,0.163,0.938,2020-21,Purdue,Purdue,Purdue,Brandon Newman,Purdue
Sasha Stefanovic,161,0.617,0.5710000000000001,0.099,0.562,0.556,0.124,0.4,0.375,0.7759999999999999,0.4,0.94,0.354,0.8420000000000001,2020-21,Purdue,Purdue,Purdue,Sasha Stefanovic,Purdue
Zach Edey,149,0.632,0.597,0.517,0.74,0.667,0.483,0.444,0.812,0,NA,NA,0.611,0.7140000000000001,2020-21,Purdue,Purdue,Purdue,Zach Edey,Purdue
Aaron Wheeler,100,0.48700000000000004,0.475,0.33,0.636,0.5710000000000001,0.03,0.33299999999999996,1,0.64,0.266,0.8240000000000001,0.23,0.565,2020-21,Purdue,Purdue,Purdue,Aaron Wheeler,Purdue
Mason Gillis,99,0.611,0.561,0.354,0.7140000000000001,0.6,0.10099999999999999,0.2,0,0.545,0.35200000000000004,0.895,0.434,0.8140000000000001,2020-21,Purdue,Purdue,Purdue,Mason Gillis,Purdue
Isaiah Thompson,85,0.584,0.547,0.11800000000000001,0.6,0.16699999999999998,0.2,0.353,0.5,0.682,0.397,0.826,0.376,0.75,2020-21,Purdue,Purdue,Purdue,Isaiah Thompson,Purdue
Carson Barrett,0,0.526,0,NA,NA,NA,NA,NA,NA,NA,NA,NA,NA,0.5,2020-21,Purdue,Purdue,Purdue,Eric Hunter,Purdue
Harper Ron,331,0.539,0.509,0.32,0.642,0.456,0.242,0.41200000000000003,0.182,0.43799999999999994,0.31,0.978,0.263,0.736,2020-21,Rutgers,Rutgers,Rutgers,Ron Harper,Rutgers
Jacob Young,324,0.544,0.517,0.441,0.608,0.276,0.299,0.35100000000000003,0,0.259,0.369,0.581,0.259,0.726,2020-21,Rutgers,Rutgers,Rutgers,Jacob Young,Rutgers
Geo Baker,242,0.503,0.486,0.165,0.55,0.136,0.331,0.5,0.125,0.504,0.303,0.838,0.132,0.75,2020-21,Rutgers,Rutgers,Rutgers,Geo Baker,Rutgers
Montez Mathis,222.00000000000003,0.45399999999999996,0.43200000000000005,0.45899999999999996,0.49,0.46,0.207,0.28300000000000003,0.462,0.33299999999999996,0.297,0.955,0.306,0.574,2020-21,Rutgers,Rutgers,Rutgers,Montez Mathis,Rutgers
Myles Johnson,156,0.601,0.628,0.718,0.732,0.6709999999999999,0.282,0.364,0.5,0,NA,NA,0.397,0.435,2020-21,Rutgers,Rutgers,Rutgers,Myles Johnson,Rutgers
Caleb McConnell,139,0.384,0.353,0.209,0.483,0.35700000000000004,0.439,0.32799999999999996,0.15,0.353,0.204,0.8,0.14400000000000002,0.8,2020-21,Rutgers,Rutgers,Rutgers,Caleb McConnell,Rutgers
Paul Mulcahy,121,0.589,0.57,0.42100000000000004,0.627,0.562,0.11599999999999999,0.28600000000000003,0.5,0.46299999999999997,0.39299999999999996,1,0.331,0.675,2020-21,Rutgers,Rutgers,Rutgers,Paul Mulcahy,Rutgers
Clifford Omoruyi,56.99999999999999,0.599,0.64,0.772,0.705,0.903,0.193,0.364,0.75,0.035,0.5,1,0.579,0.424,2020-21,Rutgers,Rutgers,Rutgers,Clifford Omoruyi,Rutgers
Buddy Boeheim,374,0.559,0.536,0.086,0.562,0.5,0.37200000000000005,0.48200000000000004,0.239,0.5429999999999999,0.379,0.857,0.142,0.8490000000000001,2020-21,Syracuse,Syracuse,Syracuse,Buddy Boeheim,Syracuse
Alan Griffin,305,0.556,0.52,0.19699999999999998,0.7170000000000001,0.465,0.285,0.379,0.364,0.518,0.348,0.782,0.187,0.912,2020-21,Syracuse,Syracuse,Syracuse,Alan Griffin,Syracuse
Quincy Guerrier,296,0.557,0.532,0.557,0.624,0.5920000000000001,0.19899999999999998,0.33899999999999997,0.25,0.243,0.319,0.9570000000000001,0.341,0.6729999999999999,2020-21,Syracuse,Syracuse,Syracuse,Quincy Guerrier,Syracuse
Joseph Girard III,258,0.48400000000000004,0.45299999999999996,0.124,0.43799999999999994,0.28600000000000003,0.295,0.368,0.107,0.581,0.33299999999999996,0.62,0.19399999999999998,0.78,2020-21,Syracuse,Syracuse,Syracuse,Joseph Girard,Syracuse
Marek Dolezaj,172,0.619,0.541,0.395,0.735,0.58,0.593,0.42200000000000004,0.6509999999999999,0.012,0,NA,0.593,0.853,2020-21,Syracuse,Syracuse,Syracuse,Marek Dolezaj,Syracuse
Kadary Richmond,141,0.527,0.48200000000000004,0.40399999999999997,0.596,0.08800000000000001,0.44,0.355,0.091,0.156,0.364,0.875,0.418,0.7120000000000001,2020-21,Syracuse,Syracuse,Syracuse,Kadary Richmond,Syracuse
Robert Braswell,79,0.514,0.475,0.165,0.769,0.7,0.10099999999999999,0.25,1,0.7340000000000001,0.293,0.882,0.228,0.833,2020-21,Syracuse,Syracuse,Syracuse,Robert Braswell,Syracuse
Sam Hauser,292,0.635,0.611,0.13,0.684,0.34600000000000003,0.353,0.563,0.32799999999999996,0.517,0.41700000000000004,0.873,0.16399999999999998,0.8959999999999999,2020-21,Virginia,Virginia,Virginia,Sam Hauser,Virginia
Jay Huff,217,0.6739999999999999,0.652,0.447,0.8140000000000001,0.506,0.207,0.42200000000000004,0.368,0.34600000000000003,0.387,0.9309999999999999,0.226,0.8370000000000001,2020-21,Virginia,Virginia,Virginia,Jay Huff,Virginia
Kihei Clark,206.99999999999997,0.49899999999999994,0.45899999999999996,0.391,0.531,0.09300000000000001,0.309,0.344,0.136,0.3,0.32299999999999995,0.8,0.309,0.7340000000000001,2020-21,Virginia,Virginia,Virginia,Kihei Clark,Virginia
Trey Murphy III,191,0.6699999999999999,0.639,0.24100000000000002,0.696,0.7190000000000001,0.131,0.48,0.25,0.628,0.433,0.904,0.215,0.927,2020-21,Virginia,Virginia,Virginia,Trey Murphy,Virginia
Reece Beekman,110.00000000000001,0.4690000000000001,0.423,0.527,0.5,0.31,0.136,0.267,0.25,0.336,0.243,0.778,0.3,0.758,2020-21,Virginia,Virginia,Virginia,Reece Beekman,Virginia
Casey Morsell,106,0.45399999999999996,0.44299999999999995,0.302,0.5,0.375,0.34,0.444,0.062,0.358,0.263,0.9,0.10400000000000001,0.636,2020-21,Virginia,Virginia,Virginia,Casey Morsell,Virginia
Tomas Woldetensae,78,0.583,0.5579999999999999,0.09,0.5710000000000001,0.25,0.205,0.312,0.2,0.705,0.418,0.826,0.141,0.909,2020-21,Virginia,Virginia,Virginia,Thomas Woldetensae,Virginia
Justin McKoy,57.99999999999999,0.534,0.509,0.534,0.581,0.444,0.31,0.389,0.5710000000000001,0.155,0.33299999999999996,1,0.172,0.8,2020-21,Virginia,Virginia,Virginia,Justin McKoy,Virginia
Keve Aluma,229.99999999999997,0.5760000000000001,0.535,0.461,0.585,0.532,0.309,0.43700000000000006,0.452,0.23,0.377,0.95,0.413,0.747,2020-21,VirginiaTech,VirginiaTech,Virginia Tech,Keve Aluma,Virginia Tech
Nahiem Alleyne,189,0.557,0.513,0.11599999999999999,0.455,0.1,0.376,0.33799999999999997,0.292,0.508,0.43799999999999994,0.905,0.29600000000000004,0.821,2020-21,VirginiaTech,VirginiaTech,Virginia Tech,Nahiem Alleyne,Virginia Tech
Justyn Mutts,153,0.556,0.5589999999999999,0.49700000000000005,0.6970000000000001,0.509,0.21600000000000003,0.303,0.2,0.28800000000000003,0.341,0.9329999999999999,0.34600000000000003,0.509,2020-21,VirginiaTech,VirginiaTech,Virginia Tech,Justyn Mutts,Virginia Tech
Tyrece Radford,139,0.623,0.59,0.54,0.7070000000000001,0.321,0.309,0.465,0.25,0.151,0.28600000000000003,1,0.41,0.754,2020-21,VirginiaTech,VirginiaTech,Virginia Tech,Tyrece Radford,Virginia Tech
Jalen Cone,122,0.527,0.508,0.049,0.5,0.33299999999999996,0.115,0.35700000000000004,0.2,0.836,0.353,0.778,0.107,0.846,2020-21,VirginiaTech,VirginiaTech,Virginia Tech,Jalen Cone,Virginia Tech
Hunter Cattoor,120,0.655,0.625,0.20800000000000002,0.48,0.583,0.067,0.75,0.16699999999999998,0.725,0.43700000000000006,0.895,0.358,0.7909999999999999,2020-21,VirginiaTech,VirginiaTech,Virginia Tech,Hunter Cattoor,Virginia Tech
Wabissa Bede,88,0.411,0.40299999999999997,0.136,0.41700000000000004,0,0.364,0.43799999999999994,0.071,0.5,0.25,0.909,0.08,0.5710000000000001,2020-21,VirginiaTech,VirginiaTech,Virginia Tech,Wabissa Bede,Virginia Tech
Joe Bamisile,46,0.45199999999999996,0.413,0.413,0.526,0.3,0.239,0.273,0.667,0.348,0.25,0.5,0.174,0.875,2020-21,VirginiaTech,VirginiaTech,Virginia Tech,Joseph Bamisile,Virginia Tech
David N'Guessan,35,0.554,0.6,0.7709999999999999,0.63,0.706,0.171,0.667,0.25,0.057,0,NA,0.8290000000000001,0.414,2020-21,VirginiaTech,VirginiaTech,Virginia Tech,David N'Guessan,Virginia Tech
Daivien Williamson,213,0.5770000000000001,0.5379999999999999,0.40399999999999997,0.5579999999999999,0.10400000000000001,0.155,0.424,0,0.441,0.37200000000000005,0.7709999999999999,0.32899999999999996,0.7859999999999999,2020-21,WakeForest,WakeForest,Wake Forest,Daivien Williamson,Wake Forest
Isaiah Mucius,192,0.521,0.49200000000000005,0.318,0.623,0.368,0.271,0.308,0.188,0.41100000000000003,0.342,0.889,0.271,0.7120000000000001,2020-21,WakeForest,WakeForest,Wake Forest,Isaiah Mucius,Wake Forest
Ismael Massoud,170,0.48000000000000004,0.447,0.171,0.44799999999999995,0.308,0.2,0.265,0.556,0.629,0.336,0.9440000000000001,0.24100000000000002,0.732,2020-21,WakeForest,WakeForest,Wake Forest,Ismael Massoud,Wake Forest
Ody Oguama,114.99999999999999,0.521,0.47,0.5479999999999999,0.47600000000000003,0.5,0.452,0.462,0.33299999999999996,0,NA,NA,0.583,0.672,2020-21,WakeForest,WakeForest,Wake Forest,Ody Oguama,Wake Forest
Carter Whitt,106,0.399,0.387,0.179,0.368,0,0.425,0.289,0,0.396,0.33299999999999996,0.643,0.085,0.667,2020-21,WakeForest,WakeForest,Wake Forest,Carter Whitt,Wake Forest
Jonah Antonio,105,0.608,0.59,0.038,0.5,1,0.057,0.5,0.33299999999999996,0.905,0.4,0.895,0.105,0.909,2020-21,WakeForest,WakeForest,Wake Forest,Jonah Antonio,Wake Forest
Jalen Johnson,93,0.514,0.489,0.19399999999999998,0.556,0.4,0.129,0.33299999999999996,0.25,0.677,0.33299999999999996,0.9520000000000001,0.183,0.765,2020-21,WakeForest,WakeForest,Wake Forest,Jalen Johnson,Wake Forest
Ian DuBose,90,0.546,0.528,0.37799999999999995,0.588,0.15,0.222,0.4,0,0.4,0.361,0.6920000000000001,0.467,0.595,2020-21,WakeForest,WakeForest,Wake Forest,Ian Dubose,Wake Forest
Jahcobi Neath,70,0.4690000000000001,0.4,0.414,0.517,0.2,0.2,0.28600000000000003,0,0.386,0.222,1,0.3,0.905,2020-21,WakeForest,WakeForest,Wake Forest,Jahcobi Neath,Wake Forest
Isaiah Wilkins,31,0.466,0.435,0.19399999999999998,0.5,0.33299999999999996,0.258,0.375,0,0.5479999999999999,0.294,1,0.226,0.7140000000000001,2020-21,WakeForest,WakeForest,Wake Forest,Isaiah Wilkins,Wake Forest
D'Mitrik Trice,342,0.532,0.49,0.14,0.583,0.179,0.392,0.381,0.21600000000000003,0.46799999999999997,0.369,0.644,0.295,0.792,2020-21,Wisconsin,Wisconsin,Wisconsin,D'Mitrik Trice,Wisconsin
Micah Potter,271,0.605,0.568,0.39899999999999997,0.7040000000000001,0.5660000000000001,0.23600000000000002,0.32799999999999996,0.33299999999999996,0.365,0.384,0.895,0.26899999999999996,0.8490000000000001,2020-21,Wisconsin,Wisconsin,Wisconsin,Micah Potter,Wisconsin
Brad Davison,261,0.515,0.46,0.18,0.36200000000000004,0.17600000000000002,0.207,0.185,0.2,0.613,0.38799999999999996,0.8059999999999999,0.29100000000000004,0.868,2020-21,Wisconsin,Wisconsin,Wisconsin,Brad Davison,Wisconsin
Aleem Ford,236,0.517,0.5,0.225,0.642,0.647,0.22,0.34600000000000003,0.389,0.555,0.336,0.932,0.127,0.767,2020-21,Wisconsin,Wisconsin,Wisconsin,Aleem Ford,Wisconsin
Nate Reuvers,231,0.48200000000000004,0.45,0.23800000000000002,0.527,0.552,0.489,0.425,0.292,0.273,0.28600000000000003,0.9440000000000001,0.19,0.795,2020-21,Wisconsin,Wisconsin,Wisconsin,Nate Reuvers,Wisconsin
Jonathan Davis,185,0.511,0.484,0.368,0.632,0.349,0.449,0.325,0.259,0.184,0.382,0.846,0.222,0.732,2020-21,Wisconsin,Wisconsin,Wisconsin,Jonathan Davis,Wisconsin
Tyler Wahl,130,0.48900000000000005,0.465,0.508,0.515,0.353,0.223,0.44799999999999995,0.077,0.26899999999999996,0.257,0.889,0.462,0.5670000000000001,2020-21,Wisconsin,Wisconsin,Wisconsin,Tyler Wahl,Wisconsin
Trevor Anderson,57.99999999999999,0.625,0.621,0.31,0.611,0.182,0.293,0.41200000000000003,0.14300000000000002,0.397,0.522,0.75,0.276,0.625,2020-21,Wisconsin,Wisconsin,Wisconsin,Trevor Anderson,Wisconsin
